Aguas Verdes,Buenos Aires,Argentina
Alejandro Petión,Buenos Aires,Argentina
Alto Los Cardales,Buenos Aires,Argentina
Arribeños,Buenos Aires,Argentina
Ascensión,Buenos Aires,Argentina
Batán,Buenos Aires,Argentina
Cabildo,Buenos Aires,Argentina
Cacharí,Buenos Aires,Argentina
Campos Salles,Buenos Aires,Argentina
Casbas,Buenos Aires,Argentina
Chapadmalal,Buenos Aires,Argentina
Chascomús Country Club,Buenos Aires,Argentina
Chillar,Buenos Aires,Argentina
Claromecó,Buenos Aires,Argentina
Comandante Nicanor Otamendi,Buenos Aires,Argentina
Costa Azul,Buenos Aires,Argentina
Costa Chica,Buenos Aires,Argentina
Costa del Este,Buenos Aires,Argentina
Country Club Bosque Real-Barrio Morabo,Buenos Aires,Argentina
Country Los Médanos,Buenos Aires,Argentina
Darregueira,Buenos Aires,Argentina
Dudignac,Buenos Aires,Argentina
Eduardo O'Brien,Buenos Aires,Argentina
El Marquesado,Buenos Aires,Argentina
El Remanso,Buenos Aires,Argentina
Empalme Lobos,Buenos Aires,Argentina
Estación Camet,Buenos Aires,Argentina
Ferré,Buenos Aires,Argentina
General Mansilla,Buenos Aires,Argentina
General Pirán,Buenos Aires,Argentina
General Rojo,Buenos Aires,Argentina
Gobernador Castro,Buenos Aires,Argentina
Grünbein,Buenos Aires,Argentina
Henderson,Buenos Aires,Argentina
Hilario Ascasubi,Buenos Aires,Argentina
Hinojo,Buenos Aires,Argentina
Huanguelén,Buenos Aires,Argentina
Ingeniero White,Buenos Aires,Argentina
Jeppener,Buenos Aires,Argentina
José María Jáuregui,Buenos Aires,Argentina
Juan Bautista Alberdi,Buenos Aires,Argentina
Juan Cousté,Buenos Aires,Argentina
Juan José Paso,Buenos Aires,Argentina
Juan Nepomuceno Fernández,Buenos Aires,Argentina
La Dulce,Buenos Aires,Argentina
La Lonja,Buenos Aires,Argentina
Las Toninas,Buenos Aires,Argentina
Leandro N. Alem,Buenos Aires,Argentina
Lima,Buenos Aires,Argentina
Loma Negra,Buenos Aires,Argentina
Los Cardales,Buenos Aires,Argentina
Luján,Buenos Aires,Argentina
Mar de Ajó,Buenos Aires,Argentina
Mar de Ostende,Buenos Aires,Argentina
Mayor Buratovich,Buenos Aires,Argentina
Moquehuá,Buenos Aires,Argentina
Nicolás Levalle,Buenos Aires,Argentina
Norberto de la Riestra,Buenos Aires,Argentina
Nueva Atlantis,Buenos Aires,Argentina
Open Door,Buenos Aires,Argentina
Orense,Buenos Aires,Argentina
Ostende,Buenos Aires,Argentina
Palemón Huergo,Buenos Aires,Argentina
Parada Robles,Buenos Aires,Argentina
Paraje Vallimanca,Buenos Aires,Argentina
Pavón,Buenos Aires,Argentina
Pedro Luro,Buenos Aires,Argentina
Piedritas,Buenos Aires,Argentina
Pérez Millán,Buenos Aires,Argentina
Quequén,Buenos Aires,Argentina
Rawson,Buenos Aires,Argentina
Rivera,Buenos Aires,Argentina
Roberts,Buenos Aires,Argentina
Saavedra,Buenos Aires,Argentina
San José,Buenos Aires,Argentina
Santa Clara del Mar,Buenos Aires,Argentina
Santa Lucía,Buenos Aires,Argentina
Santa Rosa,Buenos Aires,Argentina
Santa Teresita,Buenos Aires,Argentina
Sierra Chica,Buenos Aires,Argentina
Sierra de la Ventana,Buenos Aires,Argentina
Sierra de los Padres,Buenos Aires,Argentina
Sierras Bayas,Buenos Aires,Argentina
Torres,Buenos Aires,Argentina
Treinta de Agosto,Buenos Aires,Argentina
Tres Algarrobos,Buenos Aires,Argentina
Urdampilleta,Buenos Aires,Argentina
Valeria del Mar,Buenos Aires,Argentina
Villa Arcadia,Buenos Aires,Argentina
Villa Bordeu,Buenos Aires,Argentina
Villa Cacique,Buenos Aires,Argentina
Villa Campi,Buenos Aires,Argentina
Villa Canto,Buenos Aires,Argentina
Villa Espora,Buenos Aires,Argentina
Villa Ramallo,Buenos Aires,Argentina
Villalonga,Buenos Aires,Argentina
Andalgalá,Catamarca,Argentina
Belén,Catamarca,Argentina
Casa de Piedra,Catamarca,Argentina
Chumbicha,Catamarca,Argentina
Fiambalá,Catamarca,Argentina
Huillapima,Catamarca,Argentina
Icaño,Catamarca,Argentina
La Puntilla,Catamarca,Argentina
La Ramadita,Catamarca,Argentina
Lavalle,Catamarca,Argentina
Londres,Catamarca,Argentina
Los Altos,Catamarca,Argentina
Palo Seco,Catamarca,Argentina
Pampa Blanca,Catamarca,Argentina
San José,Catamarca,Argentina
San José Norte,Catamarca,Argentina
San José Villa,Catamarca,Argentina
San Pedro de Guasayán,Catamarca,Argentina
Santa María,Catamarca,Argentina
Santa Rosa,Catamarca,Argentina
Saujil,Catamarca,Argentina
Tinogasta,Catamarca,Argentina
Villa de Pomán,Catamarca,Argentina
Avia Terai,Chaco,Argentina
Campo Largo,Chaco,Argentina
Charata,Chaco,Argentina
Colonia Benítez,Chaco,Argentina
Colonia Elisa,Chaco,Argentina
Colonias Unidas,Chaco,Argentina
Comandancia Frías,Chaco,Argentina
Concepción del Bermejo,Chaco,Argentina
Coronel Du Graty,Chaco,Argentina
Corzuela,Chaco,Argentina
El Paranacito,Chaco,Argentina
El Sauzalito,Chaco,Argentina
Fortín Belgrano,Chaco,Argentina
Gancedo,Chaco,Argentina
General José de San Martín,Chaco,Argentina
General Pinedo,Chaco,Argentina
Hermoso Campo,Chaco,Argentina
Horquilla,Chaco,Argentina
Juan José Castelli,Chaco,Argentina
La Clotilde,Chaco,Argentina
La Escondida,Chaco,Argentina
La Leonesa,Chaco,Argentina
La Tigra,Chaco,Argentina
La Verde,Chaco,Argentina
Las Breñas,Chaco,Argentina
Las Garcitas,Chaco,Argentina
Las Palmas,Chaco,Argentina
Los Frentones,Chaco,Argentina
Machagai,Chaco,Argentina
Makallé,Chaco,Argentina
Margarita Belén,Chaco,Argentina
Miraflores,Chaco,Argentina
Misión Nueva Pompeya,Chaco,Argentina
Napenay,Chaco,Argentina
Pampa del Indio,Chaco,Argentina
Pampa del Infierno,Chaco,Argentina
Presidencia de la Plaza,Chaco,Argentina
Presidencia Roca,Chaco,Argentina
Puerto Bermejo,Chaco,Argentina
Puerto Tirol,Chaco,Argentina
Quitilipi,Chaco,Argentina
San Bernardo,Chaco,Argentina
Paraje San Fernando,Chaco,Argentina
Santa Sylvina,Chaco,Argentina
Taco Pozo,Chaco,Argentina
Tres Isletas,Chaco,Argentina
Villa Berthet,Chaco,Argentina
Villa Río Bermejito,Chaco,Argentina
Villa Ángela,Chaco,Argentina
Dolavon,Chubut,Argentina
El Maitén,Chubut,Argentina
Gobernador Costa,Chubut,Argentina
Lago Puelo,Chubut,Argentina
Playa Unión,Chubut,Argentina
Río Mayo,Chubut,Argentina
Trevelin,Chubut,Argentina
Achiras,Córdoba,Argentina
Adelia María,Córdoba,Argentina
Alcira Gigena,Córdoba,Argentina
Alejandro Roca,Córdoba,Argentina
Alejo Ledesma,Córdoba,Argentina
Alicia,Córdoba,Argentina
Almafuerte,Córdoba,Argentina
Alta Gracia,Córdoba,Argentina
Alto Resbaloso-El Barrial,Córdoba,Argentina
Anisacate,Córdoba,Argentina
Arias,Córdoba,Argentina
Arroyito,Córdoba,Argentina
Arroyo Cabral,Córdoba,Argentina
Ballesteros,Córdoba,Argentina
Balnearia,Córdoba,Argentina
Berrotarán,Córdoba,Argentina
Bialet Massé,Córdoba,Argentina
Brinkmann,Córdoba,Argentina
Calchín,Córdoba,Argentina
Camilo Aldao,Córdoba,Argentina
Canals,Córdoba,Argentina
Capilla del Monte,Córdoba,Argentina
Casa Grande,Córdoba,Argentina
Colonia Caroya,Córdoba,Argentina
Colonia La Argentina,Córdoba,Argentina
Coronel Moldes,Córdoba,Argentina
Corral de Bustos,Córdoba,Argentina
Cosquín,Córdoba,Argentina
Country Chacras de la Villa-Country San Isidro,Córdoba,Argentina
Cruz Alta,Córdoba,Argentina
Cuesta Blanca,Córdoba,Argentina
Deán Funes,Córdoba,Argentina
Del Campillo,Córdoba,Argentina
Despeñaderos,Córdoba,Argentina
Devoto,Córdoba,Argentina
El Pueblito,Córdoba,Argentina
El Valle,Córdoba,Argentina
Elena,Córdoba,Argentina
Embalse,Córdoba,Argentina
Estación Juárez Celman,Córdoba,Argentina
Estancia Vieja,Córdoba,Argentina
Etruria,Córdoba,Argentina
Freyre,Córdoba,Argentina
General Baldissera,Córdoba,Argentina
General Cabrera,Córdoba,Argentina
General Deheza,Córdoba,Argentina
General Levalle,Córdoba,Argentina
General Roca,Córdoba,Argentina
Guatimozín,Córdoba,Argentina
Hernando,Córdoba,Argentina
Huerta Grande,Córdoba,Argentina
Huinca Renancó,Córdoba,Argentina
Inriville,Córdoba,Argentina
James Craik,Córdoba,Argentina
Jesús María,Córdoba,Argentina
José de la Quintana,Córdoba,Argentina
Jovita,Córdoba,Argentina
Justiniano Posse,Córdoba,Argentina
La Carlota,Córdoba,Argentina
La Cumbre,Córdoba,Argentina
La Cumbrecita,Córdoba,Argentina
La Falda,Córdoba,Argentina
La Francia,Córdoba,Argentina
La Para,Córdoba,Argentina
La Paz,Córdoba,Argentina
La Perla,Córdoba,Argentina
La Población,Córdoba,Argentina
La Rancherita,Córdoba,Argentina
La Serranita,Córdoba,Argentina
Laborde,Córdoba,Argentina
Laboulaye,Córdoba,Argentina
Laguna Larga,Córdoba,Argentina
Las Acequias,Córdoba,Argentina
Las Chacras,Córdoba,Argentina
Las Chacras,Córdoba,Argentina
Las Higueras,Córdoba,Argentina
Las Perdices,Córdoba,Argentina
Las Tapias,Córdoba,Argentina
Leones,Córdoba,Argentina
Los Cerrillos,Córdoba,Argentina
Los Cocos,Córdoba,Argentina
Los Cóndores,Córdoba,Argentina
Los Romeros,Córdoba,Argentina
Los Surgentes,Córdoba,Argentina
Luque,Córdoba,Argentina
Malagueño,Córdoba,Argentina
Malvinas Argentinas,Córdoba,Argentina
Marcos Juárez,Córdoba,Argentina
Mayu Sumaj,Córdoba,Argentina
Mi Granja,Córdoba,Argentina
Mina Clavero,Córdoba,Argentina
Molinari,Córdoba,Argentina
Monte Buey,Córdoba,Argentina
Monte Cristo,Córdoba,Argentina
Monte Maíz,Córdoba,Argentina
Morrison,Córdoba,Argentina
Morteros,Córdoba,Argentina
Noetinger,Córdoba,Argentina
Oliva,Córdoba,Argentina
Oncativo,Córdoba,Argentina
Ordóñez,Córdoba,Argentina
Pascanas,Córdoba,Argentina
Paso del Durazno,Córdoba,Argentina
Pilar,Córdoba,Argentina
La Playosa,Córdoba,Argentina
Porteña,Córdoba,Argentina
Pozo del Molle,Córdoba,Argentina
Quilino,Córdoba,Argentina
Río Primero,Córdoba,Argentina
Río Segundo,Córdoba,Argentina
Ciudad de Río Tercero,Córdoba,Argentina
Sacanta,Córdoba,Argentina
Sampacho,Córdoba,Argentina
San Agustín,Córdoba,Argentina
San Antonio de Arredondo,Córdoba,Argentina
San Basilio,Córdoba,Argentina
San Esteban,Córdoba,Argentina
San Francisco,Córdoba,Argentina
San Francisco del Chañar,Córdoba,Argentina
San José de la Dormida,Córdoba,Argentina
San Marcos Sud,Córdoba,Argentina
San Pedro,Córdoba,Argentina
San Roque,Córdoba,Argentina
Santa Catalina,Córdoba,Argentina
Santa Elena,Córdoba,Argentina
Santa María de Punilla,Córdoba,Argentina
Santa Mónica,Córdoba,Argentina
Santa Rosa de Calamuchita,Córdoba,Argentina
Santa Rosa de Río Primero,Córdoba,Argentina
Santiago Temple,Córdoba,Argentina
Saturnino María Laspiur,Córdoba,Argentina
Sebastián Elcano,Córdoba,Argentina
Serrano,Córdoba,Argentina
Serrezuela,Córdoba,Argentina
Tala Huasi,Córdoba,Argentina
Tancacha,Córdoba,Argentina
Tanti,Córdoba,Argentina
Tío Pujio,Córdoba,Argentina
Toledo,Córdoba,Argentina
Tránsito,Córdoba,Argentina
Trinchera,Córdoba,Argentina
Tronco Pozo,Córdoba,Argentina
Ucacha,Córdoba,Argentina
Valle de Anisacate,Córdoba,Argentina
Valle Hermoso,Córdoba,Argentina
Vicuña Mackenna,Córdoba,Argentina
Villa Ascasubi,Córdoba,Argentina
Villa Carlos Paz,Córdoba,Argentina
Villa Cura Brochero,Córdoba,Argentina
Villa de Las Rosas,Córdoba,Argentina
Villa de los Ranchos,Córdoba,Argentina
Villa de María,Córdoba,Argentina
Villa de Soto,Córdoba,Argentina
Villa del Dique,Córdoba,Argentina
Villa del Rosario,Córdoba,Argentina
Villa del Totoral,Córdoba,Argentina
Villa Dolores,Córdoba,Argentina
Villa General Belgrano,Córdoba,Argentina
Villa Giardino,Córdoba,Argentina
Villa Huidobro,Córdoba,Argentina
Villa Icho Cruz,Córdoba,Argentina
Villa La Bolsa,Córdoba,Argentina
Villa Los Aromos,Córdoba,Argentina
Villa Los Llanos,Córdoba,Argentina
Villa Nueva,Córdoba,Argentina
Villa Parque Síquiman,Córdoba,Argentina
Villa Reducción,Córdoba,Argentina
Villa Rumipal,Córdoba,Argentina
Villa San Nicolás,Córdoba,Argentina
Villa Santa Cruz del Lago,Córdoba,Argentina
Villa Sarmiento,Córdoba,Argentina
Villa Valeria,Córdoba,Argentina
Alvear,Corrientes,Argentina
Barrio Esperanza,Corrientes,Argentina
Bella Vista,Corrientes,Argentina
Caá Catí,Corrientes,Argentina
Chavarría,Corrientes,Argentina
Colonia Liebig,Corrientes,Argentina
Colonia Santa Rosa,Corrientes,Argentina
Concepción,Corrientes,Argentina
Empedrado,Corrientes,Argentina
Esquina,Corrientes,Argentina
Gobernador Virasoro,Corrientes,Argentina
Goya,Corrientes,Argentina
Itá Ibaté,Corrientes,Argentina
Itatí,Corrientes,Argentina
Ituzaingó,Corrientes,Argentina
La Cruz,Corrientes,Argentina
Laguna Brava,Corrientes,Argentina
Lavalle,Corrientes,Argentina
Mburucuyá,Corrientes,Argentina
Mercedes,Corrientes,Argentina
Mocoretá,Corrientes,Argentina
Nueve de Julio,Corrientes,Argentina
Paso de la Patria,Corrientes,Argentina
Perugorría,Corrientes,Argentina
Saladas,Corrientes,Argentina
San Carlos,Corrientes,Argentina
San Cosme,Corrientes,Argentina
San Lorenzo,Corrientes,Argentina
San Luis del Palmar,Corrientes,Argentina
San Miguel,Corrientes,Argentina
San Roque,Corrientes,Argentina
Santa Lucía,Corrientes,Argentina
Santo Tomé,Corrientes,Argentina
Sauce,Corrientes,Argentina
Aldea Asunción,Entre Ríos,Argentina
Aldea Brasilera,Entre Ríos,Argentina
Aldea María Luisa,Entre Ríos,Argentina
Aldea Protestante,Entre Ríos,Argentina
Aldea Salto,Entre Ríos,Argentina
Aldea San Antonio,Entre Ríos,Argentina
Aldea San Francisco,Entre Ríos,Argentina
Aldea San Juan,Entre Ríos,Argentina
Aldea San Rafael,Entre Ríos,Argentina
Aldea Santa María,Entre Ríos,Argentina
Aldea Santa Rosa,Entre Ríos,Argentina
Aldea Spatzenkutter,Entre Ríos,Argentina
Aldea Valle María,Entre Ríos,Argentina
Altamirano Sur,Entre Ríos,Argentina
Antelo,Entre Ríos,Argentina
Aranguren,Entre Ríos,Argentina
Arroyo Barú,Entre Ríos,Argentina
Arroyo Clé,Entre Ríos,Argentina
Arroyo Martínez,Entre Ríos,Argentina
Betbeder,Entre Ríos,Argentina
Calabacilla,Entre Ríos,Argentina
Caseros,Entre Ríos,Argentina
Ceibas,Entre Ríos,Argentina
Cerrito,Entre Ríos,Argentina
Chajarí,Entre Ríos,Argentina
Charigüé,Entre Ríos,Argentina
Clodomiro Ledesma,Entre Ríos,Argentina
Colonia Alemana,Entre Ríos,Argentina
Colonia Avellaneda,Entre Ríos,Argentina
Colonia Avigdor,Entre Ríos,Argentina
Colonia Ayuí,Entre Ríos,Argentina
Colonia Elía,Entre Ríos,Argentina
Colonia Ensanche Sauce,Entre Ríos,Argentina
Colonia Ensayo,Entre Ríos,Argentina
Colonia Hocker,Entre Ríos,Argentina
Colonia Hughes,Entre Ríos,Argentina
Colonia La Argentina,Entre Ríos,Argentina
Colonia Peña,Entre Ríos,Argentina
Colonia Roca,Entre Ríos,Argentina
Colonia Santa María,Entre Ríos,Argentina
Don Cristóbal Primero,Entre Ríos,Argentina
Durazno,Entre Ríos,Argentina
El Cimarrón,Entre Ríos,Argentina
El Pingo,Entre Ríos,Argentina
El Redomón,Entre Ríos,Argentina
El Solar,Entre Ríos,Argentina
Enrique Carbó,Entre Ríos,Argentina
Estación Camps,Entre Ríos,Argentina
Estación Gobernador Echagüe,Entre Ríos,Argentina
Estación Gobernador Sola,Entre Ríos,Argentina
Estación Lazo,Entre Ríos,Argentina
Estación Líbaros,Entre Ríos,Argentina
Estación Raíces,Entre Ríos,Argentina
Estación Sosa,Entre Ríos,Argentina
Estación Yeruá,Entre Ríos,Argentina
Estación Yuquerí,Entre Ríos,Argentina
Estancia Grande,Entre Ríos,Argentina
Estancia San Pedro,Entre Ríos,Argentina
Faustino M. Parera,Entre Ríos,Argentina
Febre,Entre Ríos,Argentina
Federal,Entre Ríos,Argentina
General Almada,Entre Ríos,Argentina
General Campos,Entre Ríos,Argentina
General Galarza,Entre Ríos,Argentina
General Racedo,Entre Ríos,Argentina
General Ramírez,Entre Ríos,Argentina
Gilbert,Entre Ríos,Argentina
Gobernador Etchevehere,Entre Ríos,Argentina
Gobernador Mansilla,Entre Ríos,Argentina
Guardamonte,Entre Ríos,Argentina
Hambis,Entre Ríos,Argentina
Hasenkamp,Entre Ríos,Argentina
Hernández,Entre Ríos,Argentina
Herrera,Entre Ríos,Argentina
Ingeniero Miguel Sajaroff,Entre Ríos,Argentina
Irazusta,Entre Ríos,Argentina
Jubileo,Entre Ríos,Argentina
La Clarita,Entre Ríos,Argentina
La Criolla,Entre Ríos,Argentina
La Picada,Entre Ríos,Argentina
Laguna del Pescado,Entre Ríos,Argentina
Las Guachas,Entre Ríos,Argentina
Las Moscas,Entre Ríos,Argentina
Las Tunas,Entre Ríos,Argentina
Libertador San Martín,Entre Ríos,Argentina
Los Charrúas,Entre Ríos,Argentina
Los Conquistadores,Entre Ríos,Argentina
Lucas González,Entre Ríos,Argentina
Maciá,Entre Ríos,Argentina
María Grande,Entre Ríos,Argentina
Mojones Norte,Entre Ríos,Argentina
Molino Doll,Entre Ríos,Argentina
Médanos,Entre Ríos,Argentina
Nueva Escocia,Entre Ríos,Argentina
Nueva Vizcaya,Entre Ríos,Argentina
Osvaldo Magnasco,Entre Ríos,Argentina
Paraje La Virgen,Entre Ríos,Argentina
Paso de la Laguna,Entre Ríos,Argentina
Usuario:Paulakindsvater/Taller,Entre Ríos,Argentina
Pedernal,Entre Ríos,Argentina
Piedras Blancas,Entre Ríos,Argentina
Primero de Mayo,Entre Ríos,Argentina
Pronunciamiento,Entre Ríos,Argentina
Pueblo Bellocq,Entre Ríos,Argentina
Pueblo Brugo,Entre Ríos,Argentina
Pueblo Cazes,Entre Ríos,Argentina
Pueblo General Belgrano,Entre Ríos,Argentina
Pueblo Liebig,Entre Ríos,Argentina
Puerto Alvear,Entre Ríos,Argentina
Puerto Curtiembre,Entre Ríos,Argentina
Puerto Ibicuy,Entre Ríos,Argentina
Puerto Las Cuevas,Entre Ríos,Argentina
Puerto Ruiz,Entre Ríos,Argentina
Puerto Yeruá,Entre Ríos,Argentina
Puiggari,Entre Ríos,Argentina
Rincón de Nogoyá,Entre Ríos,Argentina
Rocamora,Entre Ríos,Argentina
Rosario del Tala,Entre Ríos,Argentina
San Gustavo,Entre Ríos,Argentina
San Jaime de la Frontera,Entre Ríos,Argentina
San José de Feliciano,Entre Ríos,Argentina
San Pedro,Entre Ríos,Argentina
San Víctor,Entre Ríos,Argentina
Santa Ana,Entre Ríos,Argentina
Santa Anita,Entre Ríos,Argentina
Santa Elena,Entre Ríos,Argentina
Sauce de Luna,Entre Ríos,Argentina
Sauce Montrull,Entre Ríos,Argentina
Sauce Pinto,Entre Ríos,Argentina
Seguí,Entre Ríos,Argentina
Sir Leonard,Entre Ríos,Argentina
Tabossi,Entre Ríos,Argentina
Tezanos Pinto,Entre Ríos,Argentina
Usuario:TitiNicola/Taller2,Entre Ríos,Argentina
Ubajay,Entre Ríos,Argentina
Urdinarrain,Entre Ríos,Argentina
Villa Alcaraz,Entre Ríos,Argentina
Villa Clara,Entre Ríos,Argentina
Villa del Rosario,Entre Ríos,Argentina
Villa Domínguez,Entre Ríos,Argentina
Villa Fontana,Entre Ríos,Argentina
Villa Hernandarias,Entre Ríos,Argentina
Villa Mantero,Entre Ríos,Argentina
Villa Paranacito,Entre Ríos,Argentina
Villa San Justo,Entre Ríos,Argentina
Villa San Marcial,Entre Ríos,Argentina
Villa Urquiza,Entre Ríos,Argentina
XX de Setiembre,Entre Ríos,Argentina
Ñancay,Entre Ríos,Argentina
Comandante Fontana,Formosa,Argentina
El Colorado,Formosa,Argentina
El Espinillo,Formosa,Argentina
El Potrillo,Formosa,Argentina
Estanislao del Campo,Formosa,Argentina
General Lucio V. Mansilla,Formosa,Argentina
General Manuel Belgrano,Formosa,Argentina
Herradura,Formosa,Argentina
Ibarreta,Formosa,Argentina
Ingeniero Juárez,Formosa,Argentina
Laguna Blanca,Formosa,Argentina
Laguna Naick Neck,Formosa,Argentina
Laguna Yema,Formosa,Argentina
Las Lomitas,Formosa,Argentina
Mayor Vicente Villafañe,Formosa,Argentina
Misión Tacaaglé,Formosa,Argentina
Palo Santo,Formosa,Argentina
Pirané,Formosa,Argentina
Pozo del Tigre,Formosa,Argentina
Riacho He-Hé,Formosa,Argentina
San Francisco de Laishí,Formosa,Argentina
San Martín 2,Formosa,Argentina
Villa del Carmen,Formosa,Argentina
Villa Dos Trece,Formosa,Argentina
Villa General Güemes,Formosa,Argentina
Abra Pampa,Jujuy,Argentina
Aceros Zapla S.A.,Jujuy,Argentina
Aguas Calientes,Jujuy,Argentina
Arrayanal,Jujuy,Argentina
Arroyo Colorado,Jujuy,Argentina
Bananal,Jujuy,Argentina
Barrio La Unión,Jujuy,Argentina
Bermejito,Jujuy,Argentina
Bárcena,Jujuy,Argentina
Caimancito,Jujuy,Argentina
Calilegua,Jujuy,Argentina
Carahunco,Jujuy,Argentina
Casira,Jujuy,Argentina
Caspalá,Jujuy,Argentina
Centro Forestal,Jujuy,Argentina
Chalicán,Jujuy,Argentina
Cieneguillas,Jujuy,Argentina
Ciénega de Paicone,Jujuy,Argentina
Coctaca,Jujuy,Argentina
Colonia San José,Jujuy,Argentina
Cusi Cusi,Jujuy,Argentina
Don Emilio,Jujuy,Argentina
El Acheral,Jujuy,Argentina
El Aguilar,Jujuy,Argentina
El Angosto,Jujuy,Argentina
El Carmen,Jujuy,Argentina
El Ceibal,Jujuy,Argentina
El Cóndor,Jujuy,Argentina
El Fuerte,Jujuy,Argentina
El Moreno,Jujuy,Argentina
El Piquete,Jujuy,Argentina
El Puesto,Jujuy,Argentina
El Quemado,Jujuy,Argentina
El Sauzal,Jujuy,Argentina
El Talar,Jujuy,Argentina
Fleming,Jujuy,Argentina
Fraile Pintado,Jujuy,Argentina
Huacalera,Jujuy,Argentina
Humahuaca,Jujuy,Argentina
Juella,Jujuy,Argentina
La Ciénaga,Jujuy,Argentina
La Esperanza,Jujuy,Argentina
La Manga,Jujuy,Argentina
La Mendieta,Jujuy,Argentina
La Ovejería,Jujuy,Argentina
La Quiaca,Jujuy,Argentina
Libertad,Jujuy,Argentina
Libertador General San Martín,Jujuy,Argentina
Los Alisos,Jujuy,Argentina
Los Lapachos,Jujuy,Argentina
Los Nogales,Jujuy,Argentina
Maimará,Jujuy,Argentina
Manantiales,Jujuy,Argentina
Mina 9 de Octubre,Jujuy,Argentina
Miraflores,Jujuy,Argentina
Misa Rumi,Jujuy,Argentina
Monterrico,Jujuy,Argentina
Oratorio,Jujuy,Argentina
Paicone,Jujuy,Argentina
Palma Sola,Jujuy,Argentina
Palos Blancos,Jujuy,Argentina
Pampa Blanca,Jujuy,Argentina
Pampichuela,Jujuy,Argentina
Parapetí,Jujuy,Argentina
Paulina,Jujuy,Argentina
Perico,Jujuy,Argentina
Piedritas,Jujuy,Argentina
Pila Pardo,Jujuy,Argentina
Mina Pirquitas,Jujuy,Argentina
Posta de Hornillos,Jujuy,Argentina
Puente Lavayén,Jujuy,Argentina
Puesto Viejo,Jujuy,Argentina
Purmamarca,Jujuy,Argentina
Rodeíto,Jujuy,Argentina
Rosario de Río Grande,Jujuy,Argentina
Río Blanco,Jujuy,Argentina
San Antonio,Jujuy,Argentina
San Antonio,Jujuy,Argentina
San Francisco,Jujuy,Argentina
San Isidro,Jujuy,Argentina
San Juan de Oros,Jujuy,Argentina
San Juancito,Jujuy,Argentina
San Lucas,Jujuy,Argentina
San Pablo de Reyes,Jujuy,Argentina
San Pedro de Jujuy,Jujuy,Argentina
Santa Ana,Jujuy,Argentina
Santa Catalina,Jujuy,Argentina
Santa Clara,Jujuy,Argentina
Tabladitas,Jujuy,Argentina
Tilcara,Jujuy,Argentina
Tres Cruces,Jujuy,Argentina
Tumbaya,Jujuy,Argentina
Uquía,Jujuy,Argentina
Valle Colorado,Jujuy,Argentina
Valle Grande,Jujuy,Argentina
Villa Palpalá,Jujuy,Argentina
Vinalito,Jujuy,Argentina
Volcán,Jujuy,Argentina
Yacoraite,Jujuy,Argentina
Yoscaba,Jujuy,Argentina
Yuto,Jujuy,Argentina
25 de Mayo,La Pampa,Argentina
Caleufú,La Pampa,Argentina
Catriló,La Pampa,Argentina
Colonia Barón,La Pampa,Argentina
Eduardo Castex,La Pampa,Argentina
General Acha,La Pampa,Argentina
General San Martín,La Pampa,Argentina
Guatraché,La Pampa,Argentina
Ingeniero Luiggi,La Pampa,Argentina
Intendente Alvear,La Pampa,Argentina
Jacinto Aráuz,La Pampa,Argentina
La Adela,La Pampa,Argentina
Leubucó,La Pampa,Argentina
Macachín,La Pampa,Argentina
Miguel Riglos,La Pampa,Argentina
Parera,La Pampa,Argentina
Quemú Quemú,La Pampa,Argentina
Rancul,La Pampa,Argentina
Realicó,La Pampa,Argentina
Santa Isabel,La Pampa,Argentina
Toay,La Pampa,Argentina
Trenel,La Pampa,Argentina
Victorica,La Pampa,Argentina
Winifreda,La Pampa,Argentina
Alpasinche,La Rioja,Argentina
Amuschinas,La Rioja,Argentina
Andolucas,La Rioja,Argentina
Anguinán,La Rioja,Argentina
Banda Florida,La Rioja,Argentina
Chaupihuasi,La Rioja,Argentina
Cuipán,La Rioja,Argentina
El Retiro,La Rioja,Argentina
Guandacol,La Rioja,Argentina
La Puntilla,La Rioja,Argentina
Las Talas,La Rioja,Argentina
Los Robles,La Rioja,Argentina
Los Sarmientos,La Rioja,Argentina
Machigasta,La Rioja,Argentina
Maicán,La Rioja,Argentina
Milagro,La Rioja,Argentina
Nonogasta,La Rioja,Argentina
Salicas,La Rioja,Argentina
San Antonio,La Rioja,Argentina
San Miguel,La Rioja,Argentina
Santa Clara,La Rioja,Argentina
Schaqui,La Rioja,Argentina
Suriyaco,La Rioja,Argentina
Tuyubil,La Rioja,Argentina
Vichigasta,La Rioja,Argentina
Agrelo,Mendoza,Argentina
Agua Escondida,Mendoza,Argentina
Alto del Olvido,Mendoza,Argentina
Alto Salvador,Mendoza,Argentina
Alto Verde,Mendoza,Argentina
Andrade,Mendoza,Argentina
Bardas Blancas,Mendoza,Argentina
Barrancas,Mendoza,Argentina
Barrio ADINA,Mendoza,Argentina
Barrio Belgrano Norte,Mendoza,Argentina
Barrio Chivilcoy,Mendoza,Argentina
Barrio Cooperativa Los Campamentos,Mendoza,Argentina
Barrio Echeverría,Mendoza,Argentina
Barrio El Nevado,Mendoza,Argentina
Barrio Empleados de Comercio,Mendoza,Argentina
Barrio Intendencia,Mendoza,Argentina
Barrio Jesús de Nazaret,Mendoza,Argentina
Barrio Jocolí II,Mendoza,Argentina
Barrio La Esperanza,Mendoza,Argentina
Barrio Las Rosas,Mendoza,Argentina
Barrio Los Jarilleros,Mendoza,Argentina
Barrio María Auxiliadora,Mendoza,Argentina
Barrio Perdriel IV,Mendoza,Argentina
Barrio Primavera,Mendoza,Argentina
Barrio Rivadavia,Mendoza,Argentina
Barrio San Cayetano,Mendoza,Argentina
Barrio Tres Olivos,Mendoza,Argentina
Blanco Encalada,Mendoza,Argentina
Bowen,Mendoza,Argentina
Cacheuta,Mendoza,Argentina
Campo de los Andes,Mendoza,Argentina
Capdevilla,Mendoza,Argentina
Capitán Montoya,Mendoza,Argentina
Carmensa,Mendoza,Argentina
Chacras de Coria,Mendoza,Argentina
Chapanay,Mendoza,Argentina
Chilecito,Mendoza,Argentina
Chivilcoy,Mendoza,Argentina
Colonia Las Rosas,Mendoza,Argentina
Colonia Segovia,Mendoza,Argentina
Cordón del Plata,Mendoza,Argentina
Costa de Araujo,Mendoza,Argentina
Costa El Toledano,Mendoza,Argentina
Costa Flores,Mendoza,Argentina
Cruz de Piedra,Mendoza,Argentina
Cuadro Benegas,Mendoza,Argentina
Cuadro Nacional,Mendoza,Argentina
Cuadro Ortega,Mendoza,Argentina
Desaguadero,Mendoza,Argentina
Doce de Octubre,Mendoza,Argentina
El Carmelo,Mendoza,Argentina
El Carrizal,Mendoza,Argentina
El Central,Mendoza,Argentina
El Cepillo,Mendoza,Argentina
El Challao,Mendoza,Argentina
El Manzano Histórico,Mendoza,Argentina
El Marcado,Mendoza,Argentina
El Mirador,Mendoza,Argentina
El Nihuil,Mendoza,Argentina
El Paramillo,Mendoza,Argentina
El Pedregal,Mendoza,Argentina
El Peral,Mendoza,Argentina
El Plumerillo,Mendoza,Argentina
El Retamo,Mendoza,Argentina
El Salto,Mendoza,Argentina
El Sosneado,Mendoza,Argentina
El Tropezón,Mendoza,Argentina
El Vergel,Mendoza,Argentina
Estación Polvaredas,Mendoza,Argentina
Eugenio Bustos,Mendoza,Argentina
General Alvear,Mendoza,Argentina
Goudge,Mendoza,Argentina
Ingeniero Giagnoni,Mendoza,Argentina
Ingeniero Gustavo André,Mendoza,Argentina
Jaime Prats,Mendoza,Argentina
Jocolí,Mendoza,Argentina
Jocolí Viejo,Mendoza,Argentina
Junín,Mendoza,Argentina
La Arboleda,Mendoza,Argentina
La Central,Mendoza,Argentina
La Colonia,Mendoza,Argentina
La Consulta,Mendoza,Argentina
La Dormida,Mendoza,Argentina
La Esperanza,Mendoza,Argentina
La Florida,Mendoza,Argentina
La Libertad,Mendoza,Argentina
La Llave,Mendoza,Argentina
La Palmera,Mendoza,Argentina
La Paz,Mendoza,Argentina
La Pega,Mendoza,Argentina
La Reducción,Mendoza,Argentina
Lagunas de Bartoluzzi,Mendoza,Argentina
Las Carditas,Mendoza,Argentina
Las Catitas,Mendoza,Argentina
Las Compuertas,Mendoza,Argentina
Las Cuevas,Mendoza,Argentina
Las Leñas,Mendoza,Argentina
Las Malvinas,Mendoza,Argentina
Las Paredes,Mendoza,Argentina
Las Vegas,Mendoza,Argentina
Las Violetas,Mendoza,Argentina
Los Barriales,Mendoza,Argentina
Los Campamentos,Mendoza,Argentina
Los Charabones,Mendoza,Argentina
Los Compartos,Mendoza,Argentina
Los Corralitos,Mendoza,Argentina
Los Penitentes,Mendoza,Argentina
Los Reyunos,Mendoza,Argentina
Los Sauces,Mendoza,Argentina
Los Árboles,Mendoza,Argentina
Malargüe,Mendoza,Argentina
Manantiales,Mendoza,Argentina
Medrano,Mendoza,Argentina
Monte Comán,Mendoza,Argentina
Montecaseros,Mendoza,Argentina
Monumento natural Puente del Inca,Mendoza,Argentina
Mundo Nuevo,Mendoza,Argentina
Nueva California,Mendoza,Argentina
Palmira,Mendoza,Argentina
Papagayos,Mendoza,Argentina
Pareditas,Mendoza,Argentina
Perdriel,Mendoza,Argentina
Phillips,Mendoza,Argentina
Piedras Blancas,Mendoza,Argentina
Pobre Diablo,Mendoza,Argentina
Polvaredas,Mendoza,Argentina
Potrerillos,Mendoza,Argentina
Puente de Hierro,Mendoza,Argentina
Punta de Vacas,Mendoza,Argentina
Punta del Agua,Mendoza,Argentina
Rama Caída,Mendoza,Argentina
Real del Padre,Mendoza,Argentina
Rivadavia,Mendoza,Argentina
Rodeo del Medio,Mendoza,Argentina
Rodríguez Peña,Mendoza,Argentina
Russell,Mendoza,Argentina
Salto de las Rosas,Mendoza,Argentina
San Isidro,Mendoza,Argentina
San José,Mendoza,Argentina
San Martín,Mendoza,Argentina
San Roque,Mendoza,Argentina
Santa María de Oro,Mendoza,Argentina
Santa Rosa,Mendoza,Argentina
Tres de Mayo,Mendoza,Argentina
Tres Esquinas,Mendoza,Argentina
Tres Esquinas,Mendoza,Argentina
Tres Porteñas,Mendoza,Argentina
Tunuyán,Mendoza,Argentina
Ciudad de Tupungato,Mendoza,Argentina
Ugarteche,Mendoza,Argentina
Uspallata,Mendoza,Argentina
Valle del Sol,Mendoza,Argentina
Vallecitos,Mendoza,Argentina
Villa Antigua,Mendoza,Argentina
Villa Atuel,Mendoza,Argentina
Villa Atuel Norte,Mendoza,Argentina
Villa Bastías,Mendoza,Argentina
Villa El Refugio,Mendoza,Argentina
Villa San Carlos,Mendoza,Argentina
Villa Teresa,Mendoza,Argentina
Villa Tulumaya,Mendoza,Argentina
Villa Veinticinco de Mayo,Mendoza,Argentina
Vista Flores,Mendoza,Argentina
Vistalba,Mendoza,Argentina
25 de Mayo,Misiones,Argentina
9 de Julio,Misiones,Argentina
Alba Posse,Misiones,Argentina
Almafuerte,Misiones,Argentina
Apóstoles,Misiones,Argentina
Aristóbulo del Valle,Misiones,Argentina
Arroyo del Medio,Misiones,Argentina
Azara,Misiones,Argentina
Barra Concepción,Misiones,Argentina
Barrio Bernardino Rivadavia,Misiones,Argentina
Barrio del Lago,Misiones,Argentina
Barrio Rural,Misiones,Argentina
Bernardo de Irigoyen,Misiones,Argentina
Bonpland,Misiones,Argentina
Caá Yarí,Misiones,Argentina
Camión Cue,Misiones,Argentina
Campo Grande,Misiones,Argentina
Campo Ramón,Misiones,Argentina
Campo Viera,Misiones,Argentina
Candelaria,Misiones,Argentina
Capioví,Misiones,Argentina
Caraguataí,Misiones,Argentina
Cerro Azul,Misiones,Argentina
Cerro Corá,Misiones,Argentina
Colonia Alberdi,Misiones,Argentina
Colonia Alicia,Misiones,Argentina
Colonia Aparecida,Misiones,Argentina
Colonia Aurora,Misiones,Argentina
Colonia Delicia,Misiones,Argentina
Colonia Helvecia,Misiones,Argentina
Colonia Polana,Misiones,Argentina
Colonia Victoria,Misiones,Argentina
Comandante Andresito,Misiones,Argentina
Concepción de la Sierra,Misiones,Argentina
Corpus,Misiones,Argentina
Cruce Caballero,Misiones,Argentina
Domingo Savio,Misiones,Argentina
Dos Arroyos,Misiones,Argentina
Dos de Mayo,Misiones,Argentina
Dos Hermanas,Misiones,Argentina
El Alcázar,Misiones,Argentina
El Piñalito,Misiones,Argentina
El Salto,Misiones,Argentina
El Soberbio,Misiones,Argentina
Eldorado,Misiones,Argentina
Estación Apóstoles,Misiones,Argentina
Fachinal,Misiones,Argentina
Florentino Ameghino,Misiones,Argentina
Fracrán,Misiones,Argentina
Garuhapé,Misiones,Argentina
Garuhapé-Mi,Misiones,Argentina
General Alvear,Misiones,Argentina
General Urquiza,Misiones,Argentina
Gobernador Lanusse,Misiones,Argentina
Gobernador López,Misiones,Argentina
Gobernador Roca,Misiones,Argentina
Guaraní,Misiones,Argentina
Hipólito Yrigoyen,Misiones,Argentina
Integración,Misiones,Argentina
Itacaruaré,Misiones,Argentina
Jardín América,Misiones,Argentina
La Corita,Misiones,Argentina
Laharrague,Misiones,Argentina
Leandro N. Alem,Misiones,Argentina
Loreto,Misiones,Argentina
Los Helechos,Misiones,Argentina
Mártires,Misiones,Argentina
Mbopicuá,Misiones,Argentina
Mojón Grande,Misiones,Argentina
Montecarlo,Misiones,Argentina
Nemesio Parma,Misiones,Argentina
Nueve de Julio Kilómetro 20,Misiones,Argentina
Oasis,Misiones,Argentina
Olegario Víctor Andrade,Misiones,Argentina
Panambí,Misiones,Argentina
Panambí Kilómetro 8,Misiones,Argentina
Paraje Fontana,Misiones,Argentina
Paraíso,Misiones,Argentina
Peñón del Teyucuaré,Misiones,Argentina
Pindapoy,Misiones,Argentina
Piray Kilómetro 18,Misiones,Argentina
Pozo Azul,Misiones,Argentina
Primero de Mayo,Misiones,Argentina
Profundidad,Misiones,Argentina
Pueblo Illia,Misiones,Argentina
Puerto Azara,Misiones,Argentina
Puerto Esperanza,Misiones,Argentina
Puerto Iguazú,Misiones,Argentina
Puerto Leoni,Misiones,Argentina
Puerto Libertad,Misiones,Argentina
Puerto Mado,Misiones,Argentina
Puerto Mineral,Misiones,Argentina
Puerto Pinares,Misiones,Argentina
Puerto Piray,Misiones,Argentina
Puerto Rico,Misiones,Argentina
Puerto Santa Ana,Misiones,Argentina
Reserva natural de la defensa Puerto Península,Misiones,Argentina
Roca Chica,Misiones,Argentina
Ruiz de Montoya,Misiones,Argentina
San Alberto,Misiones,Argentina
San Antonio,Misiones,Argentina
San Francisco de Asís,Misiones,Argentina
San Gotardo,Misiones,Argentina
San Ignacio,Misiones,Argentina
San Javier,Misiones,Argentina
San José,Misiones,Argentina
San Martín,Misiones,Argentina
San Pedro,Misiones,Argentina
San Vicente,Misiones,Argentina
Santa Ana,Misiones,Argentina
Santa María,Misiones,Argentina
Santa Rita,Misiones,Argentina
Santiago de Liniers,Misiones,Argentina
Santo Pipó,Misiones,Argentina
Tarumá,Misiones,Argentina
Tobuna,Misiones,Argentina
Torta Quemada,Misiones,Argentina
Tres Capones,Misiones,Argentina
Valle Hermoso,Misiones,Argentina
Villa Akerman,Misiones,Argentina
Villa Bonita,Misiones,Argentina
Villa Libertad,Misiones,Argentina
Villa Parodi,Misiones,Argentina
Villa Roulet,Misiones,Argentina
Villa Salto Encantado,Misiones,Argentina
Villalonga,Misiones,Argentina
Wanda,Misiones,Argentina
Aluminé,Neuquén,Argentina
Andacollo,Neuquén,Argentina
Añelo,Neuquén,Argentina
Buta Ranquil,Neuquén,Argentina
Centenario,Neuquén,Argentina
Chos Malal,Neuquén,Argentina
Covunco Centro,Neuquén,Argentina
Junín de los Andes,Neuquén,Argentina
Las Lajas,Neuquén,Argentina
Loncopué,Neuquén,Argentina
Mariano Moreno,Neuquén,Argentina
Picún Leufú,Neuquén,Argentina
Piedra del Águila,Neuquén,Argentina
Plottier,Neuquén,Argentina
Rincón de los Sauces,Neuquén,Argentina
San Patricio del Chañar,Neuquén,Argentina
Senillosa,Neuquén,Argentina
Vista Alegre,Neuquén,Argentina
Zapala,Neuquén,Argentina
Allen,Río Negro,Argentina
Barrio El Treinta,Río Negro,Argentina
Barrio Puente 83,Río Negro,Argentina
Barrio Puente de Madera,Río Negro,Argentina
Barrio Santa María Goretti,Río Negro,Argentina
Barrio Tres Luces,Río Negro,Argentina
Campo Grande,Río Negro,Argentina
Catriel,Río Negro,Argentina
Cervantes,Río Negro,Argentina
Chichinales,Río Negro,Argentina
Chimpay,Río Negro,Argentina
Choele Choel,Río Negro,Argentina
Cinco Saltos,Río Negro,Argentina
Dina Huapi,Río Negro,Argentina
General Conesa,Río Negro,Argentina
General Enrique Godoy,Río Negro,Argentina
General Fernández Oro,Río Negro,Argentina
Ingeniero Jacobacci,Río Negro,Argentina
Ingeniero Luis A. Huergo,Río Negro,Argentina
Lamarque,Río Negro,Argentina
Las Grutas,Río Negro,Argentina
Las Perlas,Río Negro,Argentina
Los Menucos,Río Negro,Argentina
Luis Beltrán,Río Negro,Argentina
Maquinchao,Río Negro,Argentina
Pichi Mahuida,Río Negro,Argentina
Sierra Grande,Río Negro,Argentina
Villa Llao Llao,Río Negro,Argentina
Villa Manzano,Río Negro,Argentina
Aguaray,Salta,Argentina
Apolinario Saravia,Salta,Argentina
Barrio El Jardín de San Martín,Salta,Argentina
Barrio El Milagro,Salta,Argentina
Cachi,Salta,Argentina
Campo Quijano,Salta,Argentina
Campo Santo,Salta,Argentina
Cerrillos,Salta,Argentina
Chicoana,Salta,Argentina
Colonia Santa Rosa,Salta,Argentina
Coronel Cornejo,Salta,Argentina
Coronel Juan Solá,Salta,Argentina
Coronel Moldes,Salta,Argentina
El Bordo,Salta,Argentina
El Carril,Salta,Argentina
El Galpón,Salta,Argentina
El Quebrachal,Salta,Argentina
El Tabacal,Salta,Argentina
El Tala,Salta,Argentina
El Tipal,Salta,Argentina
Embarcación,Salta,Argentina
General Alvarado,Salta,Argentina
General Güemes,Salta,Argentina
General Mosconi,Salta,Argentina
Hipólito Yrigoyen,Salta,Argentina
Joaquín V. González,Salta,Argentina
La Almudena,Salta,Argentina
La Merced,Salta,Argentina
Las Lajitas,Salta,Argentina
Misión El Cruce,Salta,Argentina
Nuestra Señora de Talavera,Salta,Argentina
Nuestra Señora de Talavera,Salta,Argentina
Pichanal,Salta,Argentina
Rosario de la Frontera,Salta,Argentina
Rosario de Lerma,Salta,Argentina
San Antonio de los Cobres,Salta,Argentina
Urundel,Salta,Argentina
Villa San Lorenzo,Salta,Argentina
Caucete (San Juan),San Juan,Argentina
General San Martín - Campo Afuera,San Juan,Argentina
Aberastain - La Rinconada,San Juan,Argentina
San José de Jáchal,San Juan,Argentina
Media Agua,San Juan,Argentina
Villa Borjas - La Chimbera,San Juan,Argentina
Villa El Salvador - Sefair Talacasto,San Juan,Argentina
Villa San Agustín,San Juan,Argentina
Villa Ibáñez,San Juan,Argentina
Santa Rosa,San Juan,Argentina
Los Berros,San Juan,Argentina
Barreal - Pituil,San Juan,Argentina
9 de Julio,San Juan,Argentina
Villa Basilio Nievas,San Juan,Argentina
Rodeo,San Juan,Argentina
Villa Don Bosco,San Juan,Argentina
Calingasta,San Juan,Argentina
San Martín,San Juan,Argentina
Las Chacritas,San Juan,Argentina
Quinto Cuartel,San Juan,Argentina
San Isidro,San Juan,Argentina
Villa Mercedes,San Juan,Argentina
El Rincón,San Juan,Argentina
Tupelí,San Juan,Argentina
Las Tapias,San Juan,Argentina
Huaco,San Juan,Argentina
Niquivil,San Juan,Argentina
Tamberías,San Juan,Argentina
Las Flores,San Juan,Argentina
Carpintería,San Juan,Argentina
Las Talas - Los Médanos,San Juan,Argentina
Villa Independencia,San Juan,Argentina
Tudcum,San Juan,Argentina
Villa Centenario,San Juan,Argentina
Astica,San Juan,Argentina
Villa Dominguito,San Juan,Argentina
Pie de Palo,San Juan,Argentina
Colonia Fiscal,San Juan,Argentina
Pampa Vieja - El Fiscal,San Juan,Argentina
Dos Acequias,San Juan,Argentina
El Rincón,San Juan,Argentina
Punta del Médano,San Juan,Argentina
Iglesia,San Juan,Argentina
Villa El Tango,San Juan,Argentina
Divisadero,San Juan,Argentina
Pedernal,San Juan,Argentina
Tamberías,San Juan,Argentina
Bermejo,San Juan,Argentina
Bella Vista,San Juan,Argentina
Las Lagunas,San Juan,Argentina
Divisadero,San Juan,Argentina
Vallecito,San Juan,Argentina
Cienaguita,San Juan,Argentina
El Encón,San Juan,Argentina
Cañada Honda,San Juan,Argentina
Sadop,San Juan,Argentina
Angualasto,San Juan,Argentina
Barrio,San Juan,Argentina
Colonia Fiorito,San Juan,Argentina
Gran China,San Juan,Argentina
Usno,San Juan,Argentina
Villa Tacú,San Juan,Argentina
Pismanta,San Juan,Argentina
San Isidro,San Juan,Argentina
Baldes del Rosario,San Juan,Argentina
Villa Malvinas Argentinas,San Juan,Argentina
Chucuma,San Juan,Argentina
Guanacache,San Juan,Argentina
Mogna,San Juan,Argentina
Los Baldecitos,San Juan,Argentina
Candelaria,San Luis,Argentina
El Volcán,San Luis,Argentina
Estancia Grande,San Luis,Argentina
Justo Daract,San Luis,Argentina
La Punta,San Luis,Argentina
La Ribera,San Luis,Argentina
Luján,San Luis,Argentina
Naschel,San Luis,Argentina
Quines,San Luis,Argentina
Tilisarao,San Luis,Argentina
Unión,San Luis,Argentina
Villa de Merlo,San Luis,Argentina
28 de Noviembre (Santa Cruz),Santa Cruz,Argentina
Bajo Caracoles,Santa Cruz,Argentina
Caleta Olivia,Santa Cruz,Argentina
Cañadón Seco,Santa Cruz,Argentina
Comandante Luis Piedrabuena,Santa Cruz,Argentina
El Calafate,Santa Cruz,Argentina
El Chaltén,Santa Cruz,Argentina
El Turbio (Est. Gobernador Mayer),Santa Cruz,Argentina
Fitz Roy,Santa Cruz,Argentina
Gobernador Gregores,Santa Cruz,Argentina
Hipólito Yrigoyen,Santa Cruz,Argentina
Jaramillo,Santa Cruz,Argentina
Julia Dufour,Santa Cruz,Argentina
Koluel Kaike,Santa Cruz,Argentina
Las Heras,Santa Cruz,Argentina
Los Antiguos,Santa Cruz,Argentina
Mina 3,Santa Cruz,Argentina
Perito Moreno,Santa Cruz,Argentina
Pico Truncado,Santa Cruz,Argentina
Puerto Deseado,Santa Cruz,Argentina
Puerto San Julián,Santa Cruz,Argentina
Puerto Santa Cruz,Santa Cruz,Argentina
Río Gallegos,Santa Cruz,Argentina
Rospentek,Santa Cruz,Argentina
Tellier,Santa Cruz,Argentina
Tres Lagos,Santa Cruz,Argentina
Yacimientos Río Turbio,Santa Cruz,Argentina
Acebal,Santa Fe,Argentina
Alcorta,Santa Fe,Argentina
Alejandra,Santa Fe,Argentina
Álvarez,Santa Fe,Argentina
Alvear,Santa Fe,Argentina
Arequito,Santa Fe,Argentina
Armstrong,Santa Fe,Argentina
Arroyo Seco,Santa Fe,Argentina
Arteaga,Santa Fe,Argentina
Avellaneda,Santa Fe,Argentina
Barrancas,Santa Fe,Argentina
Barrio Arroyo del Medio,Santa Fe,Argentina
Barrio Mitre,Santa Fe,Argentina
Barrios Acapulco y Veracruz,Santa Fe,Argentina
Berabevú,Santa Fe,Argentina
Bigand,Santa Fe,Argentina
Bombal,Santa Fe,Argentina
Calchaquí,Santa Fe,Argentina
Capitán Bermúdez,Santa Fe,Argentina
Carcarañá,Santa Fe,Argentina
Carlos Pellegrini,Santa Fe,Argentina
Casilda,Santa Fe,Argentina
Cayastá,Santa Fe,Argentina
Cañada Rosquín,Santa Fe,Argentina
Centeno,Santa Fe,Argentina
Ceres,Santa Fe,Argentina
Chabás,Santa Fe,Argentina
Chovet,Santa Fe,Argentina
Coronda,Santa Fe,Argentina
Correa,Santa Fe,Argentina
El Trébol,Santa Fe,Argentina
Elortondo,Santa Fe,Argentina
Empalme Villa Constitución,Santa Fe,Argentina
Esperanza,Santa Fe,Argentina
Estación Clucellas,Santa Fe,Argentina
Fighiera,Santa Fe,Argentina
Firmat,Santa Fe,Argentina
Florencia,Santa Fe,Argentina
Franck,Santa Fe,Argentina
Frontera,Santa Fe,Argentina
Fuentes,Santa Fe,Argentina
General Lagos,Santa Fe,Argentina
Gobernador Crespo,Santa Fe,Argentina
Gálvez,Santa Fe,Argentina
Colonia Hansen,Santa Fe,Argentina
Helvecia,Santa Fe,Argentina
Hersilia,Santa Fe,Argentina
Hughes,Santa Fe,Argentina
Humboldt,Santa Fe,Argentina
Ibarlucea,Santa Fe,Argentina
Juan de Garay,Santa Fe,Argentina
La Gallareta,Santa Fe,Argentina
Laguna Paiva,Santa Fe,Argentina
Las Parejas,Santa Fe,Argentina
Las Rosas,Santa Fe,Argentina
Las Toscas,Santa Fe,Argentina
Lehmann,Santa Fe,Argentina
Llambi Campbell,Santa Fe,Argentina
Los Quirquinchos,Santa Fe,Argentina
Maciel,Santa Fe,Argentina
Malabrigo,Santa Fe,Argentina
Margarita,Santa Fe,Argentina
María Juana,Santa Fe,Argentina
María Susana,Santa Fe,Argentina
María Teresa,Santa Fe,Argentina
Melincué,Santa Fe,Argentina
Moisés Ville,Santa Fe,Argentina
Monte Oscuridad,Santa Fe,Argentina
Monte Vera,Santa Fe,Argentina
Montes de Oca,Santa Fe,Argentina
Murphy,Santa Fe,Argentina
Máximo Paz,Santa Fe,Argentina
Nelson,Santa Fe,Argentina
Oliveros,Santa Fe,Argentina
Peyrano,Santa Fe,Argentina
Piamonte,Santa Fe,Argentina
Pilar,Santa Fe,Argentina
Progreso,Santa Fe,Argentina
Pueblo Esther,Santa Fe,Argentina
Puerto Gaboto,Santa Fe,Argentina
Pujato,Santa Fe,Argentina
Ricardone,Santa Fe,Argentina
Rivadavia,Santa Fe,Argentina
Romang,Santa Fe,Argentina
Rufino,Santa Fe,Argentina
San Antonio de Obligado,Santa Fe,Argentina
San Carlos Centro,Santa Fe,Argentina
San Carlos Sud,Santa Fe,Argentina
San Genaro,Santa Fe,Argentina
San Genaro Norte,Santa Fe,Argentina
San Gregorio,Santa Fe,Argentina
San Guillermo,Santa Fe,Argentina
San Javier,Santa Fe,Argentina
San Jerónimo Norte,Santa Fe,Argentina
San Jerónimo Sud,Santa Fe,Argentina
San Jorge,Santa Fe,Argentina
San José de la Esquina,Santa Fe,Argentina
San Justo,Santa Fe,Argentina
San Martín de las Escobas,Santa Fe,Argentina
San Vicente,Santa Fe,Argentina
Sancti Spiritu,Santa Fe,Argentina
Santa Clara de Buena Vista,Santa Fe,Argentina
Santa Clara de Saguier,Santa Fe,Argentina
Santa Emilia,Santa Fe,Argentina
Santa Isabel,Santa Fe,Argentina
Santa María Norte,Santa Fe,Argentina
Santa Rosa de Calchines,Santa Fe,Argentina
Santa Teresa,Santa Fe,Argentina
Sastre y Ortiz,Santa Fe,Argentina
Serodino,Santa Fe,Argentina
Soutomayor,Santa Fe,Argentina
Suardi,Santa Fe,Argentina
Sunchales,Santa Fe,Argentina
Tacuarendí,Santa Fe,Argentina
Teodelina,Santa Fe,Argentina
Timbúes,Santa Fe,Argentina
Tortugas,Santa Fe,Argentina
Tostado,Santa Fe,Argentina
Totoras,Santa Fe,Argentina
Vera,Santa Fe,Argentina
Vicente Echeverría,Santa Fe,Argentina
Videla,Santa Fe,Argentina
Villa Cañás,Santa Fe,Argentina
Villa Eloísa,Santa Fe,Argentina
Villa Guillermina,Santa Fe,Argentina
Villa Minetti,Santa Fe,Argentina
Villa Mugueta,Santa Fe,Argentina
Villa Ocampo,Santa Fe,Argentina
Villa Trinidad,Santa Fe,Argentina
Wheelwright,Santa Fe,Argentina
Zavalla,Santa Fe,Argentina
Añatuya,Santiago del Estero,Argentina
Bandera,Santiago del Estero,Argentina
Beltrán,Santiago del Estero,Argentina
Campo Gallo,Santiago del Estero,Argentina
Clodomira,Santiago del Estero,Argentina
Colonia Dora,Santiago del Estero,Argentina
Colonia El Simbolar,Santiago del Estero,Argentina
El Zanjón,Santiago del Estero,Argentina
Estación Simbolar,Santiago del Estero,Argentina
Ingeniero Forres,Santiago del Estero,Argentina
Fernández,Santiago del Estero,Argentina
Frías,Santiago del Estero,Argentina
Garza,Santiago del Estero,Argentina
Lavalle,Santiago del Estero,Argentina
Loreto,Santiago del Estero,Argentina
Los Juríes,Santiago del Estero,Argentina
Los Telares,Santiago del Estero,Argentina
Monte Quemado,Santiago del Estero,Argentina
Nueva Esperanza,Santiago del Estero,Argentina
Pampa de los Guanacos,Santiago del Estero,Argentina
Pinto,Santiago del Estero,Argentina
Pozo Hondo,Santiago del Estero,Argentina
Sacháyoj,Santiago del Estero,Argentina
San Pedro de Guasayán,Santiago del Estero,Argentina
Selva,Santiago del Estero,Argentina
Sol de Julio,Santiago del Estero,Argentina
Sumampa,Santiago del Estero,Argentina
Suncho Corral,Santiago del Estero,Argentina
Tintina,Santiago del Estero,Argentina
Tío Pozo,Santiago del Estero,Argentina
Villa Atamisqui,Santiago del Estero,Argentina
Villa Ojo de Agua,Santiago del Estero,Argentina
Bahía Thetis,Tierra del Fuego,Argentina
Fortín Sargento Cabral,Tierra del Fuego,Argentina
Lago Escondido,Tierra del Fuego,Argentina
Puerto Almanza,Tierra del Fuego,Argentina
Puerto Cook,Tierra del Fuego,Argentina
Puerto Golondrina,Tierra del Fuego,Argentina
Puerto Parry,Tierra del Fuego,Argentina
San Sebastián,Tierra del Fuego,Argentina
Sarmiento,Tierra del Fuego,Argentina
Tolhuin,Tierra del Fuego,Argentina
Acheral,Tucumán,Argentina
Alto Verde,Tucumán,Argentina
Arcadia,Tucumán,Argentina
Barrio Aeropuerto,Tucumán,Argentina
Barrio Araujo,Tucumán,Argentina
Cevil Redondo,Tucumán,Argentina
Colombres,Tucumán,Argentina
Delfín Gallo,Tucumán,Argentina
El Chañar,Tucumán,Argentina
El Corte,Tucumán,Argentina
El Paraíso,Tucumán,Argentina
El Potrerillo,Tucumán,Argentina
Ex Ingenio Esperanza,Tucumán,Argentina
Ex Ingenio Luján,Tucumán,Argentina
Gobernador Garmendia,Tucumán,Argentina
Ingenio La Florida,Tucumán,Argentina
Ingenio La Trinidad,Tucumán,Argentina
Ingenio San Pablo,Tucumán,Argentina
Ingenio Santa Bárbara,Tucumán,Argentina
La Florida,Tucumán,Argentina
La Reducción,Tucumán,Argentina
Lamadrid,Tucumán,Argentina
Los Pocitos,Tucumán,Argentina
Los Ralos,Tucumán,Argentina
Los Sarmientos,Tucumán,Argentina
Medinas,Tucumán,Argentina
Nueva Baviera,Tucumán,Argentina
Provincia de Tucumán,Tucumán,Argentina
Quilmes y Los Sueldos,Tucumán,Argentina
Ranchillos y San Miguel,Tucumán,Argentina
Río Seco,Tucumán,Argentina
San Andrés,Tucumán,Argentina
San José,Tucumán,Argentina
San Pedro de Colalao,Tucumán,Argentina
San Roque,Tucumán,Argentina
Santa Ana,Tucumán,Argentina
Santa Lucía,Tucumán,Argentina
Santa Rosa y Los Rojo,Tucumán,Argentina
Villa Fiad,Tucumán,Argentina
Villa Nougués,Tucumán,Argentina
Villa Quinteros,Tucumán,Argentina
Villa Recaste,Tucumán,Argentina
Villa Tercera,Tucumán,Argentina
Yerba Buena,Tucumán,Argentina
