Cabildo,Buenos Aires,Argentina,None,/worldclock/@3863596
Cacharí,Buenos Aires,Argentina,None,/worldclock/@3435857
Campos Salles,Buenos Aires,Argentina,None,/worldclock/@3863016
Casbas,Buenos Aires,Argentina,None,/worldclock/@3862373
Chapadmalal,Buenos Aires,Argentina,None,/worldclock/@3435465
Chillar,Buenos Aires,Argentina,None,/worldclock/@3435417
Claromecó,Buenos Aires,Argentina,None,/worldclock/@3864887
Comandante Nicanor Otamendi,Buenos Aires,Argentina,None,/worldclock/@3435280
Costa Azul,Buenos Aires,Argentina,None,/worldclock/@11054913
Costa Chica,Buenos Aires,Argentina,None,/worldclock/@8014949
Costa del Este,Buenos Aires,Argentina,None,/worldclock/argentina/mar-del-plata
Darregueira,Buenos Aires,Argentina,None,/worldclock/@3859522
Dudignac,Buenos Aires,Argentina,None,/worldclock/@3859102
El Remanso,Buenos Aires,Argentina,None,/worldclock/@11147619
Empalme Lobos,Buenos Aires,Argentina,None,/worldclock/@3434158
General Mansilla,Buenos Aires,Argentina,None,/worldclock/@3433791
General Rojo,Buenos Aires,Argentina,None,/worldclock/@3855059
Gobernador Castro,Buenos Aires,Argentina,None,/worldclock/@3433756
Henderson,Buenos Aires,Argentina,None,/worldclock/@3854359
Hilario Ascasubi,Buenos Aires,Argentina,None,/worldclock/@3854294
Hinojo,Buenos Aires,Argentina,None,/worldclock/@3860778
Ingeniero White,Buenos Aires,Argentina,None,/worldclock/@3853773
Jeppener,Buenos Aires,Argentina,None,/worldclock/@3433340
Juan Bautista Alberdi,Buenos Aires,Argentina,None,/worldclock/@3433311
Juan José Paso,Buenos Aires,Argentina,None,/worldclock/@3853423
La Dulce,Buenos Aires,Argentina,None,/worldclock/argentina/la-plata
La Lonja,Buenos Aires,Argentina,None,/worldclock/argentina/la-plata
Las Toninas,Buenos Aires,Argentina,None,/worldclock/@3431608
Leandro N. Alem,Buenos Aires,Argentina,None,/worldclock/@3847099
Loma Negra,Buenos Aires,Argentina,None,/worldclock/@3846684
Los Cardales,Buenos Aires,Argentina,None,/worldclock/@11149586
Mar de Ajó,Buenos Aires,Argentina,None,/worldclock/@3430866
Mayor Buratovich,Buenos Aires,Argentina,None,/worldclock/@3844644
Moquehuá,Buenos Aires,Argentina,None,/worldclock/@3430568
Norberto de la Riestra,Buenos Aires,Argentina,None,/worldclock/@3430409
Open Door,Buenos Aires,Argentina,None,/worldclock/@3430287
Orense,Buenos Aires,Argentina,None,/worldclock/@3436167
Ostende,Buenos Aires,Argentina,None,/worldclock/@3430272
Parada Robles,Buenos Aires,Argentina,None,/worldclock/@11147617
Pedro Luro,Buenos Aires,Argentina,None,/worldclock/@3841684
Piedritas,Buenos Aires,Argentina,None,/worldclock/@3431632
Rawson,Buenos Aires,Argentina,None,/worldclock/@3839308
Rivera,Buenos Aires,Argentina,None,/worldclock/@3838740
Roberts,Buenos Aires,Argentina,None,/worldclock/@3838730
Saavedra,Buenos Aires,Argentina,None,/worldclock/@11149595
Santa Clara del Mar,Buenos Aires,Argentina,None,/worldclock/argentina/mar-del-plata
Santa Teresita,Buenos Aires,Argentina,None,/worldclock/@3435756
Sierra Chica,Buenos Aires,Argentina,None,/worldclock/@3835305
Sierra de la Ventana,Buenos Aires,Argentina,None,/worldclock/@3833041
Sierra de los Padres,Buenos Aires,Argentina,None,/worldclock/@3427958
Sierras Bayas,Buenos Aires,Argentina,None,/worldclock/@3864550
Torres,Buenos Aires,Argentina,None,/worldclock/@3427689
Treinta de Agosto,Buenos Aires,Argentina,None,/worldclock/@3833892
Tres Algarrobos,Buenos Aires,Argentina,None,/worldclock/@3833870
Urdampilleta,Buenos Aires,Argentina,None,/worldclock/@3833400
Valeria del Mar,Buenos Aires,Argentina,None,/worldclock/argentina/mar-del-plata
Villa Arcadia,Buenos Aires,Argentina,None,/worldclock/@3832808
Villa Cacique,Buenos Aires,Argentina,None,/worldclock/@3427444
Villa Espora,Buenos Aires,Argentina,None,/worldclock/@3832747
Villalonga,Buenos Aires,Argentina,None,/worldclock/@3832702
Andalgalá,Catamarca,Argentina,None,/worldclock/@3865802
Casa de Piedra,Catamarca,Argentina,None,/worldclock/@3862427
Chumbicha,Catamarca,Argentina,None,/worldclock/@3861217
Fiambalá,Catamarca,Argentina,None,/worldclock/@3855588
Huillapima,Catamarca,Argentina,None,/worldclock/@3853981
La Puntilla,Catamarca,Argentina,None,/worldclock/@3849182
La Ramadita,Catamarca,Argentina,None,/worldclock/@3849104
Londres,Catamarca,Argentina,None,/worldclock/@3846616
Los Altos,Catamarca,Argentina,None,/worldclock/@3846515
San José,Catamarca,Argentina,None,/worldclock/argentina/catamarca
San José Norte,Catamarca,Argentina,None,/worldclock/argentina/catamarca
San José Villa,Catamarca,Argentina,None,/worldclock/argentina/catamarca
Saujil,Catamarca,Argentina,None,/worldclock/@3835612
Tinogasta,Catamarca,Argentina,None,/worldclock/@3834360
Avia Terai,Chaco,Argentina,None,/worldclock/@3865186
Campo Largo,Chaco,Argentina,None,/worldclock/@3863095
Charata,Chaco,Argentina,None,/worldclock/@3861678
Colonia Elisa,Chaco,Argentina,None,/worldclock/@3435330
Colonias Unidas,Chaco,Argentina,None,/worldclock/@3435295
Coronel Du Graty,Chaco,Argentina,None,/worldclock/@3860197
Corzuela,Chaco,Argentina,None,/worldclock/@3859974
Gancedo,Chaco,Argentina,None,/worldclock/@3855237
General Pinedo,Chaco,Argentina,None,/worldclock/@3855074
Hermoso Campo,Chaco,Argentina,None,/worldclock/@3854336
Horquilla,Chaco,Argentina,None,/worldclock/@3433530
Juan José Castelli,Chaco,Argentina,None,/worldclock/@3853424
La Clotilde,Chaco,Argentina,None,/worldclock/@3851993
La Escondida,Chaco,Argentina,None,/worldclock/@3432653
La Leonesa,Chaco,Argentina,None,/worldclock/@3432355
La Verde,Chaco,Argentina,None,/worldclock/@3431460
Las Garcitas,Chaco,Argentina,None,/worldclock/@3431777
Las Palmas,Chaco,Argentina,None,/worldclock/@3431658
Los Frentones,Chaco,Argentina,None,/worldclock/@3846175
Machagai,Chaco,Argentina,None,/worldclock/@3845330
Makallé,Chaco,Argentina,None,/worldclock/@3430943
Napenay,Chaco,Argentina,None,/worldclock/@3843436
Pampa del Indio,Chaco,Argentina,None,/worldclock/@3430180
Pampa del Infierno,Chaco,Argentina,None,/worldclock/@3853805
Presidencia de la Plaza,Chaco,Argentina,None,/worldclock/@3429865
Presidencia Roca,Chaco,Argentina,None,/worldclock/@3429864
Puerto Bermejo,Chaco,Argentina,None,/worldclock/@3429801
Puerto Tirol,Chaco,Argentina,None,/worldclock/@3429721
Quitilipi,Chaco,Argentina,None,/worldclock/@3839489
Santa Sylvina,Chaco,Argentina,None,/worldclock/@3835921
Taco Pozo,Chaco,Argentina,None,/worldclock/@3834843
Tres Isletas,Chaco,Argentina,None,/worldclock/@3833794
Villa Berthet,Chaco,Argentina,None,/worldclock/@3832797
Dolavon,Chubut,Argentina,None,/worldclock/@3859278
Gobernador Costa,Chubut,Argentina,None,/worldclock/@3854988
Lago Puelo,Chubut,Argentina,None,/worldclock/@3851100
Trevelin,Chubut,Argentina,None,/worldclock/@3833675
Alvear,Corrientes,Argentina,None,/worldclock/@3436370
Bella Vista,Corrientes,Argentina,None,/worldclock/@3436065
Empedrado,Corrientes,Argentina,None,/worldclock/@3430323
Esquina,Corrientes,Argentina,None,/worldclock/@3434094
Gobernador Virasoro,Corrientes,Argentina,None,/worldclock/@3433753
Goya,Corrientes,Argentina,None,/worldclock/@3433714
Itá Ibaté,Corrientes,Argentina,None,/worldclock/@3433373
Itatí,Corrientes,Argentina,None,/worldclock/@3433362
Ituzaingó,Corrientes,Argentina,None,/worldclock/@3433357
La Cruz,Corrientes,Argentina,None,/worldclock/@3432760
Laguna Brava,Corrientes,Argentina,None,/worldclock/@3432471
Lavalle,Corrientes,Argentina,None,/worldclock/@3431468
Mburucuyá,Corrientes,Argentina,None,/worldclock/@3430759
Mercedes,Corrientes,Argentina,None,/worldclock/@3430703
Mocoretá,Corrientes,Argentina,None,/worldclock/@3430647
Nueve de Julio,Corrientes,Argentina,None,/worldclock/@3430383
Paso de la Patria,Corrientes,Argentina,None,/worldclock/@3430105
Saladas,Corrientes,Argentina,None,/worldclock/@3429402
San Carlos,Corrientes,Argentina,None,/worldclock/@3429207
San Cosme,Corrientes,Argentina,None,/worldclock/@3429156
San Luis del Palmar,Corrientes,Argentina,None,/worldclock/@3428707
Santo Tomé,Corrientes,Argentina,None,/worldclock/@3428070
Sauce,Corrientes,Argentina,None,/worldclock/@3435327
Comandante Fontana,Formosa,Argentina,None,/worldclock/@3435283
El Colorado,Formosa,Argentina,None,/worldclock/@3434731
El Espinillo,Formosa,Argentina,None,/worldclock/@3434654
Estanislao del Campo,Formosa,Argentina,None,/worldclock/@3855763
Herradura,Formosa,Argentina,None,/worldclock/@3433567
Ibarreta,Formosa,Argentina,None,/worldclock/@3433513
Laguna Blanca,Formosa,Argentina,None,/worldclock/@3432475
Laguna Yema,Formosa,Argentina,None,/worldclock/@3850888
Las Lomitas,Formosa,Argentina,None,/worldclock/@3848164
Palo Santo,Formosa,Argentina,None,/worldclock/@3430186
Pirané,Formosa,Argentina,None,/worldclock/@3429948
Pozo del Tigre,Formosa,Argentina,None,/worldclock/@3840432
San Francisco de Laishí,Formosa,Argentina,None,/worldclock/@3429054
Abra Pampa,Jujuy,Argentina,None,/worldclock/@3867009
Arroyo Colorado,Jujuy,Argentina,None,/worldclock/@3865412
Caimancito,Jujuy,Argentina,None,/worldclock/@3863491
Calilegua,Jujuy,Argentina,None,/worldclock/@3863366
Caspalá,Jujuy,Argentina,None,/worldclock/@3862344
Cieneguillas,Jujuy,Argentina,None,/worldclock/@3861092
Colonia San José,Jujuy,Argentina,None,/worldclock/argentina/jujuy
Cusi Cusi,Jujuy,Argentina,None,/worldclock/@3859554
El Aguilar,Jujuy,Argentina,None,/worldclock/@3859000
El Ceibal,Jujuy,Argentina,None,/worldclock/@3858525
El Fuerte,Jujuy,Argentina,None,/worldclock/@3857984
El Moreno,Jujuy,Argentina,None,/worldclock/@3857547
El Piquete,Jujuy,Argentina,None,/worldclock/@3857230
Fraile Pintado,Jujuy,Argentina,None,/worldclock/@3855394
Huacalera,Jujuy,Argentina,None,/worldclock/@3854142
Humahuaca,Jujuy,Argentina,None,/worldclock/@3853966
Juella,Jujuy,Argentina,None,/worldclock/@7576295
La Mendieta,Jujuy,Argentina,None,/worldclock/@3849924
La Quiaca,Jujuy,Argentina,None,/worldclock/@3849140
Libertador General San Martín,Jujuy,Argentina,None,/worldclock/argentina/jujuy
Los Lapachos,Jujuy,Argentina,None,/worldclock/@3846073
Maimará,Jujuy,Argentina,None,/worldclock/@3845254
Manantiales,Jujuy,Argentina,None,/worldclock/@3846029
Miraflores,Jujuy,Argentina,None,/worldclock/@3844168
Oratorio,Jujuy,Argentina,None,/worldclock/@3842603
Palma Sola,Jujuy,Argentina,None,/worldclock/@3842268
Pampa Blanca,Jujuy,Argentina,None,/worldclock/@3842161
Pampichuela,Jujuy,Argentina,None,/worldclock/@3842081
Perico,Jujuy,Argentina,None,/worldclock/@3841486
Mina Pirquitas,Jujuy,Argentina,None,/worldclock/@3844219
Purmamarca,Jujuy,Argentina,None,/worldclock/@3839841
San Antonio,Jujuy,Argentina,None,/worldclock/argentina/jujuy
San Antonio,Jujuy,Argentina,None,/worldclock/argentina/jujuy
San Francisco,Jujuy,Argentina,None,/worldclock/argentina/jujuy
San Isidro,Jujuy,Argentina,None,/worldclock/argentina/jujuy
San Juancito,Jujuy,Argentina,None,/worldclock/argentina/jujuy
San Lucas,Jujuy,Argentina,None,/worldclock/argentina/jujuy
Santa Catalina,Jujuy,Argentina,None,/worldclock/@3836444
Tabladitas,Jujuy,Argentina,None,/worldclock/@3834876
Tilcara,Jujuy,Argentina,None,/worldclock/@3834402
Tres Cruces,Jujuy,Argentina,None,/worldclock/@3860530
Tumbaya,Jujuy,Argentina,None,/worldclock/@3833548
Valle Colorado,Jujuy,Argentina,None,/worldclock/@3833227
Valle Grande,Jujuy,Argentina,None,/worldclock/@3833218
Vinalito,Jujuy,Argentina,None,/worldclock/@3832570
Yoscaba,Jujuy,Argentina,None,/worldclock/@3832220
Yuto,Jujuy,Argentina,None,/worldclock/@3832189
Caleufú,La Pampa,Argentina,None,/worldclock/@3863377
Catriló,La Pampa,Argentina,None,/worldclock/@3862251
Eduardo Castex,La Pampa,Argentina,None,/worldclock/@3859036
General Acha,La Pampa,Argentina,None,/worldclock/@3855143
General San Martín,La Pampa,Argentina,None,/worldclock/argentina/santa-rosa
Guatraché,La Pampa,Argentina,None,/worldclock/@3854492
Ingeniero Luiggi,La Pampa,Argentina,None,/worldclock/@3853783
Intendente Alvear,La Pampa,Argentina,None,/worldclock/@3853745
Miguel Riglos,La Pampa,Argentina,None,/worldclock/@3844267
Parera,La Pampa,Argentina,None,/worldclock/@3841936
Rancul,La Pampa,Argentina,None,/worldclock/@3839380
Realicó,La Pampa,Argentina,None,/worldclock/@3839281
Santa Isabel,La Pampa,Argentina,None,/worldclock/argentina/santa-rosa
Toay,La Pampa,Argentina,None,/worldclock/@3834309
Trenel,La Pampa,Argentina,None,/worldclock/@3833879
Victorica,La Pampa,Argentina,None,/worldclock/@3832923
Winifreda,La Pampa,Argentina,None,/worldclock/@3832388
Alpasinche,La Rioja,Argentina,None,/worldclock/@3866212
Banda Florida,La Rioja,Argentina,None,/worldclock/@3864849
Guandacol,La Rioja,Argentina,None,/worldclock/@3854535
Los Sarmientos,La Rioja,Argentina,None,/worldclock/@3845603
Machigasta,La Rioja,Argentina,None,/worldclock/@3845327
Milagro,La Rioja,Argentina,None,/worldclock/@3844383
Nonogasta,La Rioja,Argentina,None,/worldclock/@3843006
Salicas,La Rioja,Argentina,None,/worldclock/@3838285
San Antonio,La Rioja,Argentina,None,/worldclock/argentina/la-rioja
San Miguel,La Rioja,Argentina,None,/worldclock/argentina/la-rioja
Schaqui,La Rioja,Argentina,None,/worldclock/@3835588
Suriyaco,La Rioja,Argentina,None,/worldclock/@3834899
Tuyubil,La Rioja,Argentina,None,/worldclock/@3833476
Vichigasta,La Rioja,Argentina,None,/worldclock/@3863170
Agrelo,Mendoza,Argentina,None,/worldclock/@3866905
Agua Escondida,Mendoza,Argentina,None,/worldclock/@3866617
Alto del Olvido,Mendoza,Argentina,None,/worldclock/@3866026
Alto Verde,Mendoza,Argentina,None,/worldclock/@3866015
Andrade,Mendoza,Argentina,None,/worldclock/@3865785
Bardas Blancas,Mendoza,Argentina,None,/worldclock/@3864770
Barrancas,Mendoza,Argentina,None,/worldclock/@3864730
Bowen,Mendoza,Argentina,None,/worldclock/@3863887
Cacheuta,Mendoza,Argentina,None,/worldclock/@3863561
Carmensa,Mendoza,Argentina,None,/worldclock/@3862579
Chacras de Coria,Mendoza,Argentina,None,/worldclock/@3861869
Chapanay,Mendoza,Argentina,None,/worldclock/@3861713
Chilecito,Mendoza,Argentina,None,/worldclock/@3861444
Costa de Araujo,Mendoza,Argentina,None,/worldclock/@3859956
Cruz de Piedra,Mendoza,Argentina,None,/worldclock/@3859821
Cuadro Nacional,Mendoza,Argentina,None,/worldclock/@3859788
Desaguadero,Mendoza,Argentina,None,/worldclock/@3859468
El Central,Mendoza,Argentina,None,/worldclock/@3858508
El Nihuil,Mendoza,Argentina,None,/worldclock/@3857497
El Plumerillo,Mendoza,Argentina,None,/worldclock/@3857216
El Retamo,Mendoza,Argentina,None,/worldclock/@3856860
El Sosneado,Mendoza,Argentina,None,/worldclock/@3856581
Eugenio Bustos,Mendoza,Argentina,None,/worldclock/@3855715
General Alvear,Mendoza,Argentina,None,/worldclock/@3855136
Goudge,Mendoza,Argentina,None,/worldclock/@3854916
Ingeniero Giagnoni,Mendoza,Argentina,None,/worldclock/@3853789
Ingeniero Gustavo André,Mendoza,Argentina,None,/worldclock/@3853787
Jaime Prats,Mendoza,Argentina,None,/worldclock/@3853567
Jocolí Viejo,Mendoza,Argentina,None,/worldclock/@3853489
La Arboleda,Mendoza,Argentina,None,/worldclock/@3852760
La Consulta,Mendoza,Argentina,None,/worldclock/@3851913
La Dormida,Mendoza,Argentina,None,/worldclock/@3851712
La Llave,Mendoza,Argentina,None,/worldclock/@3850343
La Pega,Mendoza,Argentina,None,/worldclock/@3841681
Las Catitas,Mendoza,Argentina,None,/worldclock/@3848611
Las Compuertas,Mendoza,Argentina,None,/worldclock/@3848533
Las Cuevas,Mendoza,Argentina,None,/worldclock/@3848492
Las Paredes,Mendoza,Argentina,None,/worldclock/@3847935
Los Charabones,Mendoza,Argentina,None,/worldclock/@3846291
Los Penitentes,Mendoza,Argentina,None,/worldclock/@3841547
Los Sauces,Mendoza,Argentina,None,/worldclock/@3845595
Medrano,Mendoza,Argentina,None,/worldclock/@3844473
Nueva California,Mendoza,Argentina,None,/worldclock/@3842923
Palmira,Mendoza,Argentina,None,/worldclock/@3842265
Pareditas,Mendoza,Argentina,None,/worldclock/@3841942
Perdriel,Mendoza,Argentina,None,/worldclock/@3841504
Piedras Blancas,Mendoza,Argentina,None,/worldclock/@3841176
Polvaredas,Mendoza,Argentina,None,/worldclock/@3840816
Potrerillos,Mendoza,Argentina,None,/worldclock/@3840677
Punta de Vacas,Mendoza,Argentina,None,/worldclock/@3839917
Punta del Agua,Mendoza,Argentina,None,/worldclock/@3839937
Real del Padre,Mendoza,Argentina,None,/worldclock/@3839287
Rivadavia,Mendoza,Argentina,None,/worldclock/@3838751
Rodeo del Medio,Mendoza,Argentina,None,/worldclock/@3838684
Russell,Mendoza,Argentina,None,/worldclock/@3838472
Salto de las Rosas,Mendoza,Argentina,None,/worldclock/@3838214
Tres de Mayo,Mendoza,Argentina,None,/worldclock/@3860704
Tres Esquinas,Mendoza,Argentina,None,/worldclock/@3833810
Tres Esquinas,Mendoza,Argentina,None,/worldclock/@3833810
Ugarteche,Mendoza,Argentina,None,/worldclock/@3833454
Uspallata,Mendoza,Argentina,None,/worldclock/@3855916
Villa Atuel,Mendoza,Argentina,None,/worldclock/@3832803
Vista Flores,Mendoza,Argentina,None,/worldclock/@3832512
Vistalba,Mendoza,Argentina,None,/worldclock/@3832509
9 de Julio,Misiones,Argentina,None,/worldclock/@9883524
Alba Posse,Misiones,Argentina,None,/worldclock/@3436448
Almafuerte,Misiones,Argentina,None,/worldclock/@3436398
Arroyo del Medio,Misiones,Argentina,None,/worldclock/@3436267
Azara,Misiones,Argentina,None,/worldclock/@3436205
Bernardo de Irigoyen,Misiones,Argentina,None,/worldclock/@3436030
Bonpland,Misiones,Argentina,None,/worldclock/@3435989
Caá Yarí,Misiones,Argentina,None,/worldclock/@3435879
Campo Grande,Misiones,Argentina,None,/worldclock/@3435789
Campo Viera,Misiones,Argentina,None,/worldclock/@3435750
Candelaria,Misiones,Argentina,None,/worldclock/@3435734
Capioví,Misiones,Argentina,None,/worldclock/@3435701
Caraguataí,Misiones,Argentina,None,/worldclock/@3435679
Cerro Azul,Misiones,Argentina,None,/worldclock/@3435532
Cerro Corá,Misiones,Argentina,None,/worldclock/@3435250
Colonia Alberdi,Misiones,Argentina,None,/worldclock/@3436445
Colonia Aurora,Misiones,Argentina,None,/worldclock/@3435344
Colonia Helvecia,Misiones,Argentina,None,/worldclock/@3433577
Corpus,Misiones,Argentina,None,/worldclock/@3435230
Dos Arroyos,Misiones,Argentina,None,/worldclock/@3434997
Dos de Mayo,Misiones,Argentina,None,/worldclock/@3434995
El Soberbio,Misiones,Argentina,None,/worldclock/@3434291
Eldorado,Misiones,Argentina,None,/worldclock/@3434670
Fachinal,Misiones,Argentina,None,/worldclock/@3433970
Florentino Ameghino,Misiones,Argentina,None,/worldclock/@3433919
Garuhapé,Misiones,Argentina,None,/worldclock/@3433839
Garuhapé-Mi,Misiones,Argentina,None,/worldclock/argentina/posadas
General Alvear,Misiones,Argentina,None,/worldclock/@3433820
Gobernador Lanusse,Misiones,Argentina,None,/worldclock/@3433749
Gobernador Roca,Misiones,Argentina,None,/worldclock/@3433743
Guaraní,Misiones,Argentina,None,/worldclock/@3433647
Itacaruaré,Misiones,Argentina,None,/worldclock/@3433440
Laharrague,Misiones,Argentina,None,/worldclock/@3429770
Leandro N. Alem,Misiones,Argentina,None,/worldclock/@3431390
Loreto,Misiones,Argentina,None,/worldclock/@3431245
Los Helechos,Misiones,Argentina,None,/worldclock/@3431161
Mbopicuá,Misiones,Argentina,None,/worldclock/@3435314
Montecarlo,Misiones,Argentina,None,/worldclock/@3430600
Panambí,Misiones,Argentina,None,/worldclock/@3430178
Profundidad,Misiones,Argentina,None,/worldclock/@3429846
Puerto Esperanza,Misiones,Argentina,None,/worldclock/@3429786
Puerto Iguazú,Misiones,Argentina,None,/worldclock/@3429777
Puerto Leoni,Misiones,Argentina,None,/worldclock/@3429765
Puerto Libertad,Misiones,Argentina,None,/worldclock/@3429764
Puerto Mineral,Misiones,Argentina,None,/worldclock/@3429755
Puerto Pinares,Misiones,Argentina,None,/worldclock/@3429762
Puerto Piray,Misiones,Argentina,None,/worldclock/@3429738
Puerto Rico,Misiones,Argentina,None,/worldclock/@3429732
Ruiz de Montoya,Misiones,Argentina,None,/worldclock/@3429426
San Alberto,Misiones,Argentina,None,/worldclock/@3429331
San Ignacio,Misiones,Argentina,None,/worldclock/@3429014
San Javier,Misiones,Argentina,None,/worldclock/@3428974
Santa Ana,Misiones,Argentina,None,/worldclock/@3428455
Santa Rita,Misiones,Argentina,None,/worldclock/@3428198
Santo Pipó,Misiones,Argentina,None,/worldclock/@3428079
Tobuna,Misiones,Argentina,None,/worldclock/@3427724
Tres Capones,Misiones,Argentina,None,/worldclock/@3427659
Wanda,Misiones,Argentina,None,/worldclock/@3435290
Aguaray,Salta,Argentina,None,/worldclock/@3866572
Apolinario Saravia,Salta,Argentina,None,/worldclock/@3865605
Campo Quijano,Salta,Argentina,None,/worldclock/@3863050
Cerrillos,Salta,Argentina,None,/worldclock/@3862086
Chicoana,Salta,Argentina,None,/worldclock/@3861494
Coronel Cornejo,Salta,Argentina,None,/worldclock/@3860202
Coronel Juan Solá,Salta,Argentina,None,/worldclock/@3860184
Coronel Moldes,Salta,Argentina,None,/worldclock/@3860179
El Bordo,Salta,Argentina,None,/worldclock/@3858749
El Carril,Salta,Argentina,None,/worldclock/@3858553
El Quebrachal,Salta,Argentina,None,/worldclock/@3857012
El Tabacal,Salta,Argentina,None,/worldclock/@3856569
El Tala,Salta,Argentina,None,/worldclock/@3856548
General Alvarado,Salta,Argentina,None,/worldclock/@3855141
General Mosconi,Salta,Argentina,None,/worldclock/@3855116
Las Lajitas,Salta,Argentina,None,/worldclock/@3848209
Pichanal,Salta,Argentina,None,/worldclock/@3841390
Rosario de la Frontera,Salta,Argentina,None,/worldclock/@3838563
Rosario de Lerma,Salta,Argentina,None,/worldclock/@3838560
San Antonio de los Cobres,Salta,Argentina,None,/worldclock/@3837986
Urundel,Salta,Argentina,None,/worldclock/@3833370
Caucete (San Juan),San Juan,Argentina,None,/worldclock/argentina/san-juan
General San Martín - Campo Afuera,San Juan,Argentina,None,/worldclock/argentina/san-juan
Media Agua,San Juan,Argentina,None,/worldclock/@3832681
Villa San Agustín,San Juan,Argentina,None,/worldclock/argentina/san-juan
Los Berros,San Juan,Argentina,None,/worldclock/@3846414
Villa Basilio Nievas,San Juan,Argentina,None,/worldclock/@3832080
Rodeo,San Juan,Argentina,None,/worldclock/@3429466
Calingasta,San Juan,Argentina,None,/worldclock/@3863362
San Martín,San Juan,Argentina,None,/worldclock/argentina/san-juan
San Isidro,San Juan,Argentina,None,/worldclock/argentina/san-juan
Villa Mercedes,San Juan,Argentina,None,/worldclock/@3832679
Tupelí,San Juan,Argentina,None,/worldclock/@3838954
Las Tapias,San Juan,Argentina,None,/worldclock/@3847772
Huaco,San Juan,Argentina,None,/worldclock/@3866088
Niquivil,San Juan,Argentina,None,/worldclock/@3843057
Villa Independencia,San Juan,Argentina,None,/worldclock/@3832716
Tudcum,San Juan,Argentina,None,/worldclock/@3833565
Astica,San Juan,Argentina,None,/worldclock/@3865302
Villa Dominguito,San Juan,Argentina,None,/worldclock/@3832755
Pie de Palo,San Juan,Argentina,None,/worldclock/@3841290
Iglesia,San Juan,Argentina,None,/worldclock/@3853914
Divisadero,San Juan,Argentina,None,/worldclock/@3859313
Pedernal,San Juan,Argentina,None,/worldclock/@3841720
Bermejo,San Juan,Argentina,None,/worldclock/@3864300
Bella Vista,San Juan,Argentina,None,/worldclock/@3864369
Las Lagunas,San Juan,Argentina,None,/worldclock/@3848241
Divisadero,San Juan,Argentina,None,/worldclock/@3859313
Vallecito,San Juan,Argentina,None,/worldclock/@3833233
Cienaguita,San Juan,Argentina,None,/worldclock/@3861096
Angualasto,San Juan,Argentina,None,/worldclock/@3865743
Usno,San Juan,Argentina,None,/worldclock/@3833361
Pismanta,San Juan,Argentina,None,/worldclock/@3840964
San Isidro,San Juan,Argentina,None,/worldclock/argentina/san-juan
Chucuma,San Juan,Argentina,None,/worldclock/@3861228
Guanacache,San Juan,Argentina,None,/worldclock/@3854598
Mogna,San Juan,Argentina,None,/worldclock/@3844073
Justo Daract,San Luis,Argentina,None,/worldclock/@3853330
Naschel,San Luis,Argentina,None,/worldclock/@3843407
Quines,San Luis,Argentina,None,/worldclock/@3864920
Tilisarao,San Luis,Argentina,None,/worldclock/@3834396
Bajo Caracoles,Santa Cruz,Argentina,None,/worldclock/@3865028
Caleta Olivia,Santa Cruz,Argentina,None,/worldclock/@3863379
El Calafate,Santa Cruz,Argentina,None,/worldclock/argentina/el-calafate
El Chaltén,Santa Cruz,Argentina,None,/worldclock/argentina/el-calafate
El Turbio (Est. Gobernador Mayer),Santa Cruz,Argentina,None,/worldclock/argentina/el-calafate
Fitz Roy,Santa Cruz,Argentina,None,/worldclock/@3855544
Gobernador Gregores,Santa Cruz,Argentina,None,/worldclock/@3854981
Jaramillo,Santa Cruz,Argentina,None,/worldclock/@3853552
Las Heras,Santa Cruz,Argentina,None,/worldclock/@3848353
Los Antiguos,Santa Cruz,Argentina,None,/worldclock/@3846484
Perito Moreno,Santa Cruz,Argentina,None,/worldclock/@3860781
Pico Truncado,Santa Cruz,Argentina,None,/worldclock/@3841308
Puerto Deseado,Santa Cruz,Argentina,None,/worldclock/argentina/puerto-deseado
Puerto San Julián,Santa Cruz,Argentina,None,/worldclock/argentina/puerto-deseado
Puerto Santa Cruz,Santa Cruz,Argentina,None,/worldclock/argentina/puerto-deseado
Río Gallegos,Santa Cruz,Argentina,None,/worldclock/argentina/rio-gallegos
Rospentek,Santa Cruz,Argentina,None,/worldclock/@3838545
Tellier,Santa Cruz,Argentina,None,/worldclock/@3834538
Tres Lagos,Santa Cruz,Argentina,None,/worldclock/@3833792
Acebal,Santa Fe,Argentina,None,/worldclock/@3866985
Alcorta,Santa Fe,Argentina,None,/worldclock/@3866402
Alejandra,Santa Fe,Argentina,None,/worldclock/@3436415
Alvear,Santa Fe,Argentina,None,/worldclock/@3865981
Arequito,Santa Fe,Argentina,None,/worldclock/@3865485
Armstrong,Santa Fe,Argentina,None,/worldclock/@3865449
Arroyo Seco,Santa Fe,Argentina,None,/worldclock/@3865385
Arteaga,Santa Fe,Argentina,None,/worldclock/@3865373
Avellaneda,Santa Fe,Argentina,None,/worldclock/@3436230
Barrancas,Santa Fe,Argentina,None,/worldclock/@3864731
Berabevú,Santa Fe,Argentina,None,/worldclock/@3864307
Bigand,Santa Fe,Argentina,None,/worldclock/@3864251
Bombal,Santa Fe,Argentina,None,/worldclock/@3863980
Calchaquí,Santa Fe,Argentina,None,/worldclock/@3863419
Carcarañá,Santa Fe,Argentina,None,/worldclock/@3862655
Carlos Pellegrini,Santa Fe,Argentina,None,/worldclock/@3862603
Casilda,Santa Fe,Argentina,None,/worldclock/@3862351
Cayastá,Santa Fe,Argentina,None,/worldclock/@3862215
Centeno,Santa Fe,Argentina,None,/worldclock/@3862138
Ceres,Santa Fe,Argentina,None,/worldclock/@3862100
Chovet,Santa Fe,Argentina,None,/worldclock/@3861257
Coronda,Santa Fe,Argentina,None,/worldclock/@3860217
Correa,Santa Fe,Argentina,None,/worldclock/@3860059
Elortondo,Santa Fe,Argentina,None,/worldclock/@3857431
Fighiera,Santa Fe,Argentina,None,/worldclock/@3855570
Firmat,Santa Fe,Argentina,None,/worldclock/@3855554
Florencia,Santa Fe,Argentina,None,/worldclock/@3433925
Franck,Santa Fe,Argentina,None,/worldclock/@3855377
Fuentes,Santa Fe,Argentina,None,/worldclock/@3855322
General Lagos,Santa Fe,Argentina,None,/worldclock/@3855105
Gobernador Crespo,Santa Fe,Argentina,None,/worldclock/@3854987
Helvecia,Santa Fe,Argentina,None,/worldclock/@3854360
Hersilia,Santa Fe,Argentina,None,/worldclock/@3854318
Hughes,Santa Fe,Argentina,None,/worldclock/@3853994
Humboldt,Santa Fe,Argentina,None,/worldclock/@3853958
Ibarlucea,Santa Fe,Argentina,None,/worldclock/@3853938
La Gallareta,Santa Fe,Argentina,None,/worldclock/@3851162
Laguna Paiva,Santa Fe,Argentina,None,/worldclock/@3850920
Las Parejas,Santa Fe,Argentina,None,/worldclock/@3847933
Las Rosas,Santa Fe,Argentina,None,/worldclock/@3847836
Las Toscas,Santa Fe,Argentina,None,/worldclock/@3431606
Lehmann,Santa Fe,Argentina,None,/worldclock/@3847081
Llambi Campbell,Santa Fe,Argentina,None,/worldclock/@3846796
Los Quirquinchos,Santa Fe,Argentina,None,/worldclock/@3845666
Maciel,Santa Fe,Argentina,None,/worldclock/@3845310
Malabrigo,Santa Fe,Argentina,None,/worldclock/@3430934
Melincué,Santa Fe,Argentina,None,/worldclock/@3844459
Monte Vera,Santa Fe,Argentina,None,/worldclock/@3843788
Montes de Oca,Santa Fe,Argentina,None,/worldclock/@3843798
Nelson,Santa Fe,Argentina,None,/worldclock/@3843135
Oliveros,Santa Fe,Argentina,None,/worldclock/@3842653
Peyrano,Santa Fe,Argentina,None,/worldclock/@3841426
Piamonte,Santa Fe,Argentina,None,/worldclock/@3842895
Pilar,Santa Fe,Argentina,None,/worldclock/@3857248
Pujato,Santa Fe,Argentina,None,/worldclock/@3840028
Ricardone,Santa Fe,Argentina,None,/worldclock/@3839061
Rivadavia,Santa Fe,Argentina,None,/worldclock/@3838756
Romang,Santa Fe,Argentina,None,/worldclock/@3430386
Rufino,Santa Fe,Argentina,None,/worldclock/@3838506
San Antonio de Obligado,Santa Fe,Argentina,None,/worldclock/@3429245
San Carlos Centro,Santa Fe,Argentina,None,/worldclock/argentina/rosario
San Carlos Sud,Santa Fe,Argentina,None,/worldclock/argentina/rosario
San Genaro,Santa Fe,Argentina,None,/worldclock/argentina/rosario
San Genaro Norte,Santa Fe,Argentina,None,/worldclock/argentina/rosario
San Gregorio,Santa Fe,Argentina,None,/worldclock/argentina/rosario
San Guillermo,Santa Fe,Argentina,None,/worldclock/argentina/rosario
San Javier,Santa Fe,Argentina,None,/worldclock/argentina/rosario
San Jerónimo Norte,Santa Fe,Argentina,None,/worldclock/argentina/rosario
San Jerónimo Sud,Santa Fe,Argentina,None,/worldclock/argentina/rosario
San Jorge,Santa Fe,Argentina,None,/worldclock/argentina/rosario
San José de la Esquina,Santa Fe,Argentina,None,/worldclock/@3837238
San Justo,Santa Fe,Argentina,None,/worldclock/argentina/rosario
San Vicente,Santa Fe,Argentina,None,/worldclock/argentina/rosario
Sancti Spiritu,Santa Fe,Argentina,None,/worldclock/@3837816
Santa Clara de Buena Vista,Santa Fe,Argentina,None,/worldclock/@3836376
Santa Clara de Saguier,Santa Fe,Argentina,None,/worldclock/@3836375
Santa Emilia,Santa Fe,Argentina,None,/worldclock/argentina/rosario
Santa Isabel,Santa Fe,Argentina,None,/worldclock/argentina/rosario
Santa María Norte,Santa Fe,Argentina,None,/worldclock/argentina/rosario
Santa Teresa,Santa Fe,Argentina,None,/worldclock/argentina/rosario
Serodino,Santa Fe,Argentina,None,/worldclock/@3835354
Soutomayor,Santa Fe,Argentina,None,/worldclock/@3835052
Suardi,Santa Fe,Argentina,None,/worldclock/@3835021
Sunchales,Santa Fe,Argentina,None,/worldclock/@3834971
Tacuarendí,Santa Fe,Argentina,None,/worldclock/@3427877
Teodelina,Santa Fe,Argentina,None,/worldclock/@3834513
Tortugas,Santa Fe,Argentina,None,/worldclock/@3834080
Tostado,Santa Fe,Argentina,None,/worldclock/@3834048
Totoras,Santa Fe,Argentina,None,/worldclock/@3833995
Videla,Santa Fe,Argentina,None,/worldclock/@3832903
Villa Guillermina,Santa Fe,Argentina,None,/worldclock/@3427422
Villa Minetti,Santa Fe,Argentina,None,/worldclock/@3832676
Villa Mugueta,Santa Fe,Argentina,None,/worldclock/@3832669
Villa Ocampo,Santa Fe,Argentina,None,/worldclock/@3427388
Villa Trinidad,Santa Fe,Argentina,None,/worldclock/@3832608
Wheelwright,Santa Fe,Argentina,None,/worldclock/@3832397
Zavalla,Santa Fe,Argentina,None,/worldclock/@3832098
